UniqueID, BlockID, GroupID, ConfigName, Response Time, LED Red (1=Red 0=Green), pressCount, LEDOnTime, InterStimulusDuration, PCStartTime, PCEndTime, isPractice, keyDown, Date
1,0,defaultGroupID,Desert Study,-1,1,0,1000,3674,13:45:59,13:46:3,1,,4/26/2016
2,0,defaultGroupID,Desert Study,587,0,1,1000,4183,13:46:3,13:46:8,1,,4/26/2016
3,0,defaultGroupID,Desert Study,-1,1,0,1000,3616,13:46:8,13:46:13,1,,4/26/2016
4,0,defaultGroupID,Desert Study,-1,1,0,1000,4215,13:46:13,13:46:18,1,,4/26/2016
5,0,defaultGroupID,Desert Study,-1,1,0,1000,3593,13:46:18,13:46:22,1,,4/26/2016
6,0,defaultGroupID,Desert Study,-1,1,0,1000,4357,13:46:22,13:46:28,1,,4/26/2016
7,0,defaultGroupID,Desert Study,-1,1,0,1000,3573,13:46:28,13:46:32,1,,4/26/2016
8,0,defaultGroupID,Desert Study,-1,1,0,1000,4437,13:46:32,13:46:38,1,,4/26/2016
9,0,defaultGroupID,Desert Study,-1,1,0,1000,4916,13:46:38,13:46:44,1,,4/26/2016
10,0,defaultGroupID,Desert Study,-1,1,0,1000,4819,13:46:44,13:46:49,1,,4/26/2016
11,0,defaultGroupID,Desert Study,-1,1,0,1000,3714,13:46:49,13:46:54,1,,4/26/2016
12,0,defaultGroupID,Desert Study,-1,1,0,1000,4283,13:46:54,13:46:59,1,,4/26/2016
13,0,defaultGroupID,Desert Study,-1,1,0,1000,4588,13:46:59,13:47:5,1,,4/26/2016
14,0,defaultGroupID,Desert Study,-1,1,0,1000,4208,13:47:5,13:47:10,1,,4/26/2016
15,0,defaultGroupID,Desert Study,-1,1,0,1000,3810,13:47:10,13:47:15,1,,4/26/2016
16,0,defaultGroupID,Desert Study,-1,1,0,1000,4078,13:47:15,13:47:20,1,,4/26/2016
17,0,defaultGroupID,Desert Study,-1,1,0,1000,4618,13:47:20,13:47:26,1,,4/26/2016
18,0,defaultGroupID,Desert Study,-1,1,0,1000,4333,13:47:26,13:47:31,1,,4/26/2016
19,0,defaultGroupID,Desert Study,-1,1,0,1000,3422,13:47:31,13:47:36,1,,4/26/2016
20,0,defaultGroupID,Desert Study,-1,1,0,1000,4606,13:47:36,13:47:41,1,,4/26/2016
21,0,defaultGroupID,Desert Study,-1,1,0,1000,4004,13:47:41,13:47:46,1,,4/26/2016
22,0,defaultGroupID,Desert Study,-1,1,0,1000,4180,13:47:46,13:47:51,1,,4/26/2016
23,0,defaultGroupID,Desert Study,-1,1,0,1000,3487,13:47:51,13:47:56,1,,4/26/2016
24,0,defaultGroupID,Desert Study,-1,1,0,1000,3338,13:47:56,13:48:0,1,,4/26/2016
25,0,defaultGroupID,Desert Study,-1,1,0,1000,3383,13:48:0,13:48:5,1,,4/26/2016
26,0,defaultGroupID,Desert Study,-1,1,0,1000,3377,13:48:5,13:48:9,1,,4/26/2016
27,1,defaultGroupID,Desert Study,-1,1,0,1000,4635,13:48:30,13:48:35,0,,4/26/2016
28,1,defaultGroupID,Desert Study,-1,1,0,1000,3063,13:48:35,13:48:39,0,,4/26/2016
29,1,defaultGroupID,Desert Study,-1,1,0,1000,4443,13:48:39,13:48:45,0,,4/26/2016
30,1,defaultGroupID,Desert Study,-1,1,0,1000,4672,13:48:45,13:48:50,0,,4/26/2016
31,1,defaultGroupID,Desert Study,927,0,1,1000,4846,13:48:50,13:48:56,0,,4/26/2016
32,1,defaultGroupID,Desert Study,-1,1,0,1000,3956,13:48:56,13:49:1,0,,4/26/2016
33,1,defaultGroupID,Desert Study,797,0,1,1000,4803,13:49:1,13:49:7,0,,4/26/2016
34,1,defaultGroupID,Desert Study,913,0,1,1000,3215,13:49:7,13:49:11,0,,4/26/2016
35,1,defaultGroupID,Desert Study,-1,1,0,1000,4502,13:49:11,13:49:16,0,,4/26/2016
36,1,defaultGroupID,Desert Study,-1,1,0,1000,4313,13:49:16,13:49:22,0,,4/26/2016
37,1,defaultGroupID,Desert Study,-1,1,0,1000,4975,13:49:22,13:49:28,0,,4/26/2016
38,1,defaultGroupID,Desert Study,-1,1,0,1000,4652,13:49:28,13:49:33,0,,4/26/2016
39,1,defaultGroupID,Desert Study,-1,1,0,1000,4157,13:49:33,13:49:38,0,,4/26/2016
40,1,defaultGroupID,Desert Study,-1,1,0,1000,3013,13:49:38,13:49:42,0,,4/26/2016
41,1,defaultGroupID,Desert Study,-1,1,0,1000,4736,13:49:42,13:49:48,0,,4/26/2016
42,1,defaultGroupID,Desert Study,586,0,1,1000,3882,13:49:48,13:49:53,0,,4/26/2016
43,1,defaultGroupID,Desert Study,589,0,1,1000,4210,13:49:53,13:49:57,0,,4/26/2016
44,1,defaultGroupID,Desert Study,-1,1,0,1000,3172,13:49:57,13:50:2,0,,4/26/2016
45,1,defaultGroupID,Desert Study,-1,1,0,1000,4344,13:50:2,13:50:7,0,,4/26/2016
46,1,defaultGroupID,Desert Study,-1,1,0,1000,3048,13:50:7,13:50:11,0,,4/26/2016
47,1,defaultGroupID,Desert Study,-1,1,0,1000,3130,13:50:11,13:50:15,0,,4/26/2016
48,1,defaultGroupID,Desert Study,-1,1,0,1000,3675,13:50:15,13:50:20,0,,4/26/2016
49,1,defaultGroupID,Desert Study,-1,1,0,1000,4380,13:50:20,13:50:25,0,,4/26/2016
50,1,defaultGroupID,Desert Study,-1,1,0,1000,3421,13:50:25,13:50:30,0,,4/26/2016
51,1,defaultGroupID,Desert Study,-1,1,0,1000,3418,13:50:30,13:50:34,0,,4/26/2016
52,1,defaultGroupID,Desert Study,-1,1,0,1000,3930,13:50:34,13:50:39,0,,4/26/2016
53,1,defaultGroupID,Desert Study,-1,1,0,1000,4882,13:50:39,13:50:45,0,,4/26/2016
54,1,defaultGroupID,Desert Study,-1,1,0,1000,3131,13:50:45,13:50:49,0,,4/26/2016
55,1,defaultGroupID,Desert Study,-1,1,0,1000,3753,13:50:49,13:50:54,0,,4/26/2016
56,1,defaultGroupID,Desert Study,498,0,1,1000,4661,13:50:54,13:50:59,0,,4/26/2016
57,1,defaultGroupID,Desert Study,-1,1,0,1000,4154,13:50:59,13:51:4,0,,4/26/2016
58,1,defaultGroupID,Desert Study,487,0,1,1000,3599,13:51:4,13:51:8,0,,4/26/2016
59,1,defaultGroupID,Desert Study,-1,1,0,1000,3197,13:51:8,13:51:12,0,,4/26/2016
60,1,defaultGroupID,Desert Study,-1,1,0,1000,4302,13:51:12,13:51:18,0,,4/26/2016
61,1,defaultGroupID,Desert Study,-1,1,0,1000,4657,13:51:18,13:51:23,0,,4/26/2016
62,1,defaultGroupID,Desert Study,-1,1,0,1000,4150,13:51:23,13:51:28,0,,4/26/2016
63,1,defaultGroupID,Desert Study,442,0,1,1000,3089,13:51:28,13:51:32,0,,4/26/2016
64,1,defaultGroupID,Desert Study,-1,1,0,1000,3720,13:51:32,13:51:37,0,,4/26/2016
65,1,defaultGroupID,Desert Study,-1,1,0,1000,4299,13:51:37,13:51:42,0,,4/26/2016
66,1,defaultGroupID,Desert Study,-1,1,0,1000,4305,13:51:42,13:51:47,0,,4/26/2016
67,1,defaultGroupID,Desert Study,486,0,1,1000,3570,13:51:47,13:51:51,0,,4/26/2016
68,1,defaultGroupID,Desert Study,-1,1,0,1000,3611,13:51:51,13:51:56,0,,4/26/2016
69,1,defaultGroupID,Desert Study,-1,1,0,1000,3172,13:51:56,13:52:0,0,,4/26/2016
70,1,defaultGroupID,Desert Study,-1,1,0,1000,4782,13:52:0,13:52:6,0,,4/26/2016
71,1,defaultGroupID,Desert Study,430,0,1,1000,4709,13:52:6,13:52:11,0,,4/26/2016
72,1,defaultGroupID,Desert Study,-1,1,0,1000,4851,13:52:11,13:52:17,0,,4/26/2016
73,1,defaultGroupID,Desert Study,-1,1,0,1000,4133,13:52:17,13:52:22,0,,4/26/2016
74,1,defaultGroupID,Desert Study,456,0,1,1000,4833,13:52:22,13:52:27,0,,4/26/2016
75,1,defaultGroupID,Desert Study,-1,1,0,1000,3032,13:52:27,13:52:31,0,,4/26/2016
76,1,defaultGroupID,Desert Study,-1,1,0,1000,3304,13:52:31,13:52:36,0,,4/26/2016
77,1,defaultGroupID,Desert Study,-1,1,0,1000,3227,13:52:36,13:52:40,0,,4/26/2016
78,1,defaultGroupID,Desert Study,505,0,1,1000,4881,13:52:40,13:52:45,0,,4/26/2016
79,1,defaultGroupID,Desert Study,-1,1,0,1000,4192,13:52:45,13:52:50,0,,4/26/2016
80,1,defaultGroupID,Desert Study,-1,1,0,1000,4708,13:52:50,13:52:56,0,,4/26/2016
81,1,defaultGroupID,Desert Study,-1,1,0,1000,3521,13:52:56,13:53:1,0,,4/26/2016
82,1,defaultGroupID,Desert Study,-1,1,0,1000,4790,13:53:1,13:53:6,0,,4/26/2016
83,1,defaultGroupID,Desert Study,450,0,1,1000,4843,13:53:6,13:53:12,0,,4/26/2016
84,1,defaultGroupID,Desert Study,-1,1,0,1000,4208,13:53:12,13:53:17,0,,4/26/2016
85,1,defaultGroupID,Desert Study,565,0,1,1000,4497,13:53:17,13:53:22,0,,4/26/2016
86,1,defaultGroupID,Desert Study,-1,1,0,1000,3223,13:53:22,13:53:26,0,,4/26/2016
87,1,defaultGroupID,Desert Study,-1,1,0,1000,3733,13:53:26,13:53:31,0,,4/26/2016
88,1,defaultGroupID,Desert Study,424,0,1,1000,4748,13:53:31,13:53:36,0,,4/26/2016
89,1,defaultGroupID,Desert Study,-1,1,0,1000,4778,13:53:36,13:53:42,0,,4/26/2016
90,1,defaultGroupID,Desert Study,-1,1,0,1000,3154,13:53:42,13:53:46,0,,4/26/2016
91,1,defaultGroupID,Desert Study,-1,1,0,1000,3679,13:53:46,13:53:51,0,,4/26/2016
92,1,defaultGroupID,Desert Study,-1,1,0,1000,3367,13:53:51,13:53:55,0,,4/26/2016
93,1,defaultGroupID,Desert Study,-1,1,0,1000,4315,13:53:55,13:54:0,0,,4/26/2016
94,1,defaultGroupID,Desert Study,-1,1,0,1000,4909,13:54:0,13:54:6,0,,4/26/2016
95,1,defaultGroupID,Desert Study,-1,1,0,1000,4218,13:54:6,13:54:12,0,,4/26/2016
96,1,defaultGroupID,Desert Study,-1,1,0,1000,3195,13:54:12,13:54:16,0,,4/26/2016
97,1,defaultGroupID,Desert Study,-1,1,0,1000,4720,13:54:16,13:54:21,0,,4/26/2016
98,1,defaultGroupID,Desert Study,535,0,1,1000,3349,13:54:21,13:54:25,0,,4/26/2016
99,1,defaultGroupID,Desert Study,-1,1,0,1000,4146,13:54:25,13:54:30,0,,4/26/2016
100,1,defaultGroupID,Desert Study,-1,1,0,1000,4129,13:54:30,13:54:36,0,,4/26/2016
101,1,defaultGroupID,Desert Study,-1,1,0,1000,4635,13:54:36,13:54:41,0,,4/26/2016
102,1,defaultGroupID,Desert Study,-1,1,0,1000,3053,13:54:41,13:54:45,0,,4/26/2016
103,1,defaultGroupID,Desert Study,460,0,1,1000,4598,13:54:45,13:54:50,0,,4/26/2016
104,1,defaultGroupID,Desert Study,-1,1,0,1000,3068,13:54:50,13:54:54,0,,4/26/2016
105,1,defaultGroupID,Desert Study,-1,1,0,1000,4376,13:54:54,13:55:0,0,,4/26/2016
106,1,defaultGroupID,Desert Study,-1,1,0,1000,4931,13:55:0,13:55:6,0,,4/26/2016
107,1,defaultGroupID,Desert Study,-1,1,0,1000,3707,13:55:6,13:55:10,0,,4/26/2016
108,1,defaultGroupID,Desert Study,529,0,1,1000,3026,13:55:10,13:55:14,0,,4/26/2016
109,1,defaultGroupID,Desert Study,-1,1,0,1000,4873,13:55:14,13:55:20,0,,4/26/2016
110,1,defaultGroupID,Desert Study,-1,1,0,1000,4237,13:55:20,13:55:25,0,,4/26/2016
111,1,defaultGroupID,Desert Study,538,0,1,1000,4786,13:55:25,13:55:30,0,,4/26/2016
112,1,defaultGroupID,Desert Study,693,0,1,1000,4575,13:55:30,13:55:36,0,,4/26/2016
113,1,defaultGroupID,Desert Study,-1,1,0,1000,4406,13:55:36,13:55:41,0,,4/26/2016
114,1,defaultGroupID,Desert Study,-1,1,0,1000,4678,13:55:41,13:55:47,0,,4/26/2016
115,1,defaultGroupID,Desert Study,-1,1,0,1000,4641,13:55:47,13:55:52,0,,4/26/2016
116,1,defaultGroupID,Desert Study,-1,1,0,1000,4248,13:55:52,13:55:58,0,,4/26/2016
117,1,defaultGroupID,Desert Study,-1,1,0,1000,4948,13:55:58,13:56:4,0,,4/26/2016
118,1,defaultGroupID,Desert Study,-1,1,0,1000,4479,13:56:4,13:56:9,0,,4/26/2016
119,1,defaultGroupID,Desert Study,-1,1,0,1000,4447,13:56:9,13:56:15,0,,4/26/2016
120,1,defaultGroupID,Desert Study,-1,1,0,1000,3427,13:56:15,13:56:19,0,,4/26/2016
121,1,defaultGroupID,Desert Study,-1,1,0,1000,3771,13:56:19,13:56:24,0,,4/26/2016
122,1,defaultGroupID,Desert Study,-1,1,0,1000,3958,13:56:24,13:56:29,0,,4/26/2016
123,1,defaultGroupID,Desert Study,-1,1,0,1000,4400,13:56:29,13:56:34,0,,4/26/2016
124,1,defaultGroupID,Desert Study,-1,1,0,1000,4248,13:56:34,13:56:39,0,,4/26/2016
125,1,defaultGroupID,Desert Study,-1,1,0,1000,3957,13:56:39,13:56:44,0,,4/26/2016
126,1,defaultGroupID,Desert Study,-1,1,0,1000,4815,13:56:44,13:56:50,0,,4/26/2016
127,1,defaultGroupID,Desert Study,-1,1,0,1000,4422,13:56:50,13:56:56,0,,4/26/2016
128,1,defaultGroupID,Desert Study,505,0,1,1000,4107,13:56:56,13:57:0,0,,4/26/2016
129,1,defaultGroupID,Desert Study,-1,1,0,1000,3811,13:57:0,13:57:5,0,,4/26/2016
130,1,defaultGroupID,Desert Study,-1,1,0,1000,4678,13:57:5,13:57:11,0,,4/26/2016
131,1,defaultGroupID,Desert Study,515,0,1,1000,3517,13:57:11,13:57:15,0,,4/26/2016
132,1,defaultGroupID,Desert Study,-1,1,0,1000,3057,13:57:15,13:57:19,0,,4/26/2016
133,1,defaultGroupID,Desert Study,-1,1,0,1000,3095,13:57:19,13:57:23,0,,4/26/2016
134,1,defaultGroupID,Desert Study,-1,1,0,1000,3431,13:57:23,13:57:27,0,,4/26/2016
135,1,defaultGroupID,Desert Study,-1,1,0,1000,4420,13:57:27,13:57:33,0,,4/26/2016
136,1,defaultGroupID,Desert Study,-1,1,0,1000,3417,13:57:33,13:57:37,0,,4/26/2016
137,1,defaultGroupID,Desert Study,662,0,1,1000,3111,13:57:37,13:57:41,0,,4/26/2016
138,1,defaultGroupID,Desert Study,-1,1,0,1000,4252,13:57:41,13:57:46,0,,4/26/2016
139,1,defaultGroupID,Desert Study,-1,1,0,1000,4270,13:57:46,13:57:51,0,,4/26/2016
140,1,defaultGroupID,Desert Study,-1,1,0,1000,3685,13:57:51,13:57:56,0,,4/26/2016
141,1,defaultGroupID,Desert Study,-1,1,0,1000,4443,13:57:56,13:58:2,0,,4/26/2016
142,1,defaultGroupID,Desert Study,-1,1,0,1000,3610,13:58:2,13:58:6,0,,4/26/2016
143,1,defaultGroupID,Desert Study,-1,1,0,1000,4837,13:58:6,13:58:12,0,,4/26/2016
144,1,defaultGroupID,Desert Study,-1,1,0,1000,3355,13:58:12,13:58:16,0,,4/26/2016
145,1,defaultGroupID,Desert Study,-1,1,0,1000,4406,13:58:16,13:58:22,0,,4/26/2016
146,1,defaultGroupID,Desert Study,-1,1,0,1000,3019,13:58:22,13:58:26,0,,4/26/2016
147,1,defaultGroupID,Desert Study,-1,1,0,1000,3635,13:58:26,13:58:30,0,,4/26/2016
148,1,defaultGroupID,Desert Study,566,0,1,1000,3383,13:58:30,13:58:34,0,,4/26/2016
149,1,defaultGroupID,Desert Study,523,0,1,1000,3340,13:58:34,13:58:38,0,,4/26/2016
150,1,defaultGroupID,Desert Study,-1,1,0,1000,4335,13:58:38,13:58:44,0,,4/26/2016
151,1,defaultGroupID,Desert Study,-1,1,0,1000,3938,13:58:44,13:58:48,0,,4/26/2016
152,1,defaultGroupID,Desert Study,-1,1,0,1000,3917,13:58:48,13:58:53,0,,4/26/2016
153,1,defaultGroupID,Desert Study,521,0,1,1000,4415,13:58:53,13:58:58,0,,4/26/2016
154,1,defaultGroupID,Desert Study,584,0,1,1000,4499,13:58:58,13:59:3,0,,4/26/2016
155,1,defaultGroupID,Desert Study,-1,1,0,1000,4235,13:59:3,13:59:9,0,,4/26/2016
156,1,defaultGroupID,Desert Study,-1,1,0,1000,3948,13:59:9,13:59:14,0,,4/26/2016
157,1,defaultGroupID,Desert Study,-1,1,0,1000,3900,13:59:14,13:59:18,0,,4/26/2016
158,1,defaultGroupID,Desert Study,-1,1,0,1000,3336,13:59:18,13:59:23,0,,4/26/2016
159,1,defaultGroupID,Desert Study,-1,1,0,1000,4126,13:59:23,13:59:28,0,,4/26/2016
160,1,defaultGroupID,Desert Study,-1,1,0,1000,3156,13:59:28,13:59:32,0,,4/26/2016
161,1,defaultGroupID,Desert Study,-1,1,0,1000,4708,13:59:32,13:59:38,0,,4/26/2016
162,1,defaultGroupID,Desert Study,-1,1,0,1000,4113,13:59:38,13:59:43,0,,4/26/2016
163,1,defaultGroupID,Desert Study,-1,1,0,1000,3021,13:59:43,13:59:47,0,,4/26/2016
164,1,defaultGroupID,Desert Study,-1,1,0,1000,3721,13:59:47,13:59:52,0,,4/26/2016
165,1,defaultGroupID,Desert Study,-1,1,0,1000,3302,13:59:52,13:59:56,0,,4/26/2016
166,1,defaultGroupID,Desert Study,-1,1,0,1000,3027,13:59:56,14:0:0,0,,4/26/2016
167,1,defaultGroupID,Desert Study,520,0,1,1000,4646,14:0:0,14:0:5,0,,4/26/2016
168,1,defaultGroupID,Desert Study,-1,1,0,1000,3497,14:0:5,14:0:10,0,,4/26/2016
169,1,defaultGroupID,Desert Study,-1,1,0,1000,3452,14:0:10,14:0:14,0,,4/26/2016
170,1,defaultGroupID,Desert Study,-1,1,0,1000,3099,14:0:14,14:0:18,0,,4/26/2016
171,1,defaultGroupID,Desert Study,454,0,1,1000,4169,14:0:18,14:0:23,0,,4/26/2016
172,1,defaultGroupID,Desert Study,-1,1,0,1000,4194,14:0:23,14:0:28,0,,4/26/2016
173,1,defaultGroupID,Desert Study,498,0,1,1000,4708,14:0:28,14:0:33,0,,4/26/2016
174,1,defaultGroupID,Desert Study,-1,1,0,1000,4208,14:0:33,14:0:38,0,,4/26/2016
175,1,defaultGroupID,Desert Study,-1,1,0,1000,4541,14:0:38,14:0:44,0,,4/26/2016
176,1,defaultGroupID,Desert Study,673,0,1,1000,4490,14:0:44,14:0:49,0,,4/26/2016
177,1,defaultGroupID,Desert Study,-1,1,0,1000,4204,14:0:49,14:0:54,0,,4/26/2016
178,1,defaultGroupID,Desert Study,-1,1,0,1000,3219,14:0:54,14:0:59,0,,4/26/2016
179,1,defaultGroupID,Desert Study,-1,1,0,1000,4149,14:0:59,14:1:4,0,,4/26/2016
180,1,defaultGroupID,Desert Study,-1,1,0,1000,3244,14:1:4,14:1:8,0,,4/26/2016
181,1,defaultGroupID,Desert Study,-1,1,0,1000,3333,14:1:8,14:1:12,0,,4/26/2016
182,1,defaultGroupID,Desert Study,-1,1,0,1000,4122,14:1:12,14:1:17,0,,4/26/2016
183,1,defaultGroupID,Desert Study,-1,1,0,1000,3099,14:1:17,14:1:22,0,,4/26/2016
184,1,defaultGroupID,Desert Study,-1,1,0,1000,4336,14:1:22,14:1:27,0,,4/26/2016
185,1,defaultGroupID,Desert Study,-1,1,0,1000,4894,14:1:27,14:1:33,0,,4/26/2016
186,1,defaultGroupID,Desert Study,-1,1,0,1000,4251,14:1:33,14:1:38,0,,4/26/2016
187,1,defaultGroupID,Desert Study,-1,1,0,1000,3928,14:1:38,14:1:43,0,,4/26/2016
188,1,defaultGroupID,Desert Study,-1,1,0,1000,3188,14:1:43,14:1:47,0,,4/26/2016
189,1,defaultGroupID,Desert Study,-1,1,0,1000,4253,14:1:47,14:1:52,0,,4/26/2016
190,1,defaultGroupID,Desert Study,-1,1,0,1000,4790,14:1:52,14:1:58,0,,4/26/2016
191,1,defaultGroupID,Desert Study,-1,1,0,1000,3282,14:1:58,14:2:2,0,,4/26/2016
192,1,defaultGroupID,Desert Study,-1,1,0,1000,3575,14:2:2,14:2:7,0,,4/26/2016
193,1,defaultGroupID,Desert Study,-1,1,0,1000,3673,14:2:7,14:2:12,0,,4/26/2016
194,1,defaultGroupID,Desert Study,-1,1,0,1000,4202,14:2:12,14:2:17,0,,4/26/2016
195,1,defaultGroupID,Desert Study,-1,1,0,1000,4602,14:2:17,14:2:22,0,,4/26/2016
196,1,defaultGroupID,Desert Study,-1,1,0,1000,4761,14:2:22,14:2:28,0,,4/26/2016
197,1,defaultGroupID,Desert Study,-1,1,0,1000,3430,14:2:28,14:2:33,0,,4/26/2016
198,1,defaultGroupID,Desert Study,-1,1,0,1000,3017,14:2:33,14:2:37,0,,4/26/2016
199,1,defaultGroupID,Desert Study,-1,1,0,1000,3729,14:2:37,14:2:41,0,,4/26/2016
200,1,defaultGroupID,Desert Study,-1,1,0,1000,4523,14:2:41,14:2:47,0,,4/26/2016
201,1,defaultGroupID,Desert Study,-1,1,0,1000,4182,14:2:47,14:2:52,0,,4/26/2016
202,1,defaultGroupID,Desert Study,-1,1,0,1000,4012,14:2:52,14:2:57,0,,4/26/2016
203,1,defaultGroupID,Desert Study,-1,1,0,1000,3299,14:2:57,14:3:1,0,,4/26/2016
204,1,defaultGroupID,Desert Study,-1,1,0,1000,3334,14:3:1,14:3:6,0,,4/26/2016
205,1,defaultGroupID,Desert Study,-1,1,0,1000,4145,14:3:6,14:3:11,0,,4/26/2016
206,1,defaultGroupID,Desert Study,-1,1,0,1000,4629,14:3:11,14:3:17,0,,4/26/2016
207,1,defaultGroupID,Desert Study,557,0,1,1000,3462,14:3:17,14:3:21,0,,4/26/2016
208,1,defaultGroupID,Desert Study,-1,1,0,1000,3554,14:3:21,14:3:25,0,,4/26/2016
209,1,defaultGroupID,Desert Study,-1,1,0,1000,3911,14:3:25,14:3:30,0,,4/26/2016
210,1,defaultGroupID,Desert Study,-1,1,0,1000,4048,14:3:30,14:3:35,0,,4/26/2016
211,1,defaultGroupID,Desert Study,-1,1,0,1000,4309,14:3:35,14:3:40,0,,4/26/2016
212,1,defaultGroupID,Desert Study,-1,1,0,1000,4215,14:3:40,14:3:46,0,,4/26/2016
213,1,defaultGroupID,Desert Study,-1,1,0,1000,4097,14:3:46,14:3:51,0,,4/26/2016
214,1,defaultGroupID,Desert Study,-1,1,0,1000,4965,14:3:51,14:3:57,0,,4/26/2016
215,1,defaultGroupID,Desert Study,-1,1,0,1000,4620,14:3:57,14:4:2,0,,4/26/2016
216,1,defaultGroupID,Desert Study,-1,1,0,1000,3683,14:4:2,14:4:7,0,,4/26/2016
217,1,defaultGroupID,Desert Study,-1,1,0,1000,4021,14:4:7,14:4:12,0,,4/26/2016
218,1,defaultGroupID,Desert Study,576,0,1,1000,3045,14:4:12,14:4:16,0,,4/26/2016
219,1,defaultGroupID,Desert Study,-1,1,0,1000,3497,14:4:16,14:4:21,0,,4/26/2016
220,1,defaultGroupID,Desert Study,-1,1,0,1000,4817,14:4:21,14:4:26,0,,4/26/2016
221,1,defaultGroupID,Desert Study,-1,1,0,1000,3471,14:4:26,14:4:31,0,,4/26/2016
222,1,defaultGroupID,Desert Study,487,0,1,1000,4827,14:4:31,14:4:36,0,,4/26/2016
223,1,defaultGroupID,Desert Study,-1,1,0,1000,4638,14:4:36,14:4:42,0,,4/26/2016
224,1,defaultGroupID,Desert Study,-1,1,0,1000,3100,14:4:42,14:4:46,0,,4/26/2016
225,1,defaultGroupID,Desert Study,-1,1,0,1000,3336,14:4:46,14:4:50,0,,4/26/2016
226,1,defaultGroupID,Desert Study,-1,1,0,1000,3158,14:4:50,14:4:54,0,,4/26/2016
227,1,defaultGroupID,Desert Study,-1,1,0,1000,3427,14:4:54,14:4:59,0,,4/26/2016
228,1,defaultGroupID,Desert Study,-1,1,0,1000,3685,14:4:59,14:5:3,0,,4/26/2016
