UniqueID, BlockID, GroupID, ConfigName, Response Time, LED Red (1=Red 0=Green), pressCount, LEDOnTime, InterStimulusDuration, PCStartTime, PCEndTime, isPractice, keyDown, Date
1,0,defaultGroupID,Desert Study,-1,0,0,1000,3919,14:59:50,14:59:54,1,,4/27/2016
2,0,defaultGroupID,Desert Study,-1,0,0,1000,3333,14:59:54,14:59:59,1,,4/27/2016
3,0,defaultGroupID,Desert Study,-1,1,0,1000,4133,14:59:59,15:0:4,1,,4/27/2016
4,0,defaultGroupID,Desert Study,-1,1,0,1000,4723,15:0:4,15:0:10,1,,4/27/2016
5,0,defaultGroupID,Desert Study,-1,0,0,1000,4023,15:0:10,15:0:15,1,,4/27/2016
6,0,defaultGroupID,Desert Study,-1,1,0,1000,4601,15:0:15,15:0:20,1,,4/27/2016
7,0,defaultGroupID,Desert Study,-1,1,0,1000,3054,15:0:20,15:0:24,1,,4/27/2016
8,0,defaultGroupID,Desert Study,-1,1,0,1000,3289,15:0:24,15:0:29,1,,4/27/2016
9,0,defaultGroupID,Desert Study,-1,1,0,1000,3176,15:0:29,15:0:33,1,,4/27/2016
10,1,defaultGroupID,Desert Study,-1,0,0,1000,3521,15:0:42,15:0:46,0,,4/27/2016
11,1,defaultGroupID,Desert Study,-1,0,0,1000,3031,15:0:46,15:0:50,0,,4/27/2016
12,1,defaultGroupID,Desert Study,-1,1,0,1000,3728,15:0:50,15:0:55,0,,4/27/2016
13,1,defaultGroupID,Desert Study,-1,1,0,1000,3815,15:0:55,15:1:0,0,,4/27/2016
14,1,defaultGroupID,Desert Study,-1,1,0,1000,3130,15:1:0,15:1:4,0,,4/27/2016
15,1,defaultGroupID,Desert Study,-1,0,0,1000,3511,15:1:4,15:1:8,0,,4/27/2016
16,1,defaultGroupID,Desert Study,-1,1,0,1000,4916,15:1:8,15:1:14,0,,4/27/2016
17,1,defaultGroupID,Desert Study,-1,1,0,1000,3917,15:1:14,15:1:19,0,,4/27/2016
18,1,defaultGroupID,Desert Study,-1,1,0,1000,4255,15:1:19,15:1:24,0,,4/27/2016
19,1,defaultGroupID,Desert Study,-1,1,0,1000,4861,15:1:24,15:1:30,0,,4/27/2016
20,1,defaultGroupID,Desert Study,-1,1,0,1000,4645,15:1:30,15:1:36,0,,4/27/2016
21,1,defaultGroupID,Desert Study,-1,1,0,1000,4607,15:1:36,15:1:41,0,,4/27/2016
22,2,defaultGroupID,Desert Study,443,0,2,1000,3969,15:1:57,15:2:1,0,,4/27/2016
23,2,defaultGroupID,Desert Study,1523,1,0,1000,3436,15:2:1,15:2:5,0,,4/27/2016
24,2,defaultGroupID,Desert Study,-1,0,0,1000,4447,15:2:5,15:2:10,0,,4/27/2016
25,2,defaultGroupID,Desert Study,-1,1,0,1000,3125,15:2:10,15:2:13,0,,4/27/2016
26,2,defaultGroupID,Desert Study,697,1,1,1000,3488,15:2:13,15:2:16,0,,4/27/2016
27,2,defaultGroupID,Desert Study,395,0,1,1000,3818,15:2:16,15:2:21,0,,4/27/2016
28,2,defaultGroupID,Desert Study,-1,1,0,1000,3738,15:2:21,15:2:25,0,,4/27/2016
29,2,defaultGroupID,Desert Study,-1,1,0,1000,3764,15:2:25,15:2:30,0,,4/27/2016
30,2,defaultGroupID,Desert Study,-1,1,0,1000,3073,15:2:30,15:2:34,0,,4/27/2016
31,2,defaultGroupID,Desert Study,-1,1,0,1000,4500,15:2:34,15:2:40,0,,4/27/2016
32,2,defaultGroupID,Desert Study,-1,1,0,1000,4673,15:2:40,15:2:45,0,,4/27/2016
33,2,defaultGroupID,Desert Study,-1,1,0,1000,3873,15:2:45,15:2:50,0,,4/27/2016
34,2,defaultGroupID,Desert Study,-1,1,0,1000,4705,15:2:50,15:2:56,0,,4/27/2016
35,2,defaultGroupID,Desert Study,-1,1,0,1000,4240,15:2:56,15:3:1,0,,4/27/2016
36,2,defaultGroupID,Desert Study,-1,1,0,1000,4076,15:3:1,15:3:6,0,,4/27/2016
37,2,defaultGroupID,Desert Study,-1,1,0,1000,3809,15:3:6,15:3:11,0,,4/27/2016
38,2,defaultGroupID,Desert Study,-1,1,0,1000,3212,15:3:11,15:3:15,0,,4/27/2016
39,2,defaultGroupID,Desert Study,-1,1,0,1000,3850,15:3:15,15:3:20,0,,4/27/2016
40,2,defaultGroupID,Desert Study,-1,1,0,1000,3335,15:3:20,15:3:24,0,,4/27/2016
41,2,defaultGroupID,Desert Study,-1,1,0,1000,3258,15:3:24,15:3:29,0,,4/27/2016
42,2,defaultGroupID,Desert Study,-1,1,0,1000,3325,15:3:29,15:3:33,0,,4/27/2016
43,2,defaultGroupID,Desert Study,-1,1,0,1000,3443,15:3:33,15:3:37,0,,4/27/2016
44,2,defaultGroupID,Desert Study,-1,1,0,1000,3123,15:3:37,15:3:42,0,,4/27/2016
45,2,defaultGroupID,Desert Study,-1,1,0,1000,4657,15:3:42,15:3:47,0,,4/27/2016
46,2,defaultGroupID,Desert Study,-1,1,0,1000,4416,15:3:47,15:3:53,0,,4/27/2016
47,2,defaultGroupID,Desert Study,-1,1,0,1000,3950,15:3:53,15:3:58,0,,4/27/2016
48,2,defaultGroupID,Desert Study,-1,1,0,1000,4427,15:3:58,15:4:3,0,,4/27/2016
49,2,defaultGroupID,Desert Study,-1,1,0,1000,3497,15:4:3,15:4:8,0,,4/27/2016
50,2,defaultGroupID,Desert Study,-1,1,0,1000,3460,15:4:8,15:4:12,0,,4/27/2016
51,2,defaultGroupID,Desert Study,-1,1,0,1000,3055,15:4:12,15:4:16,0,,4/27/2016
52,2,defaultGroupID,Desert Study,-1,1,0,1000,4776,15:4:16,15:4:22,0,,4/27/2016
53,2,defaultGroupID,Desert Study,-1,1,0,1000,3977,15:4:22,15:4:27,0,,4/27/2016
54,2,defaultGroupID,Desert Study,-1,1,0,1000,4168,15:4:27,15:4:32,0,,4/27/2016
55,2,defaultGroupID,Desert Study,-1,1,0,1000,4546,15:4:32,15:4:38,0,,4/27/2016
56,2,defaultGroupID,Desert Study,4642,1,1,1000,4232,15:4:38,15:4:43,0,,4/27/2016
57,2,defaultGroupID,Desert Study,-1,1,0,1000,4442,15:4:43,15:4:48,0,,4/27/2016
58,2,defaultGroupID,Desert Study,-1,1,0,1000,3627,15:4:48,15:4:53,0,,4/27/2016
59,2,defaultGroupID,Desert Study,-1,1,0,1000,4380,15:4:53,15:4:58,0,,4/27/2016
60,2,defaultGroupID,Desert Study,-1,1,0,1000,3975,15:4:58,15:5:3,0,,4/27/2016
61,2,defaultGroupID,Desert Study,-1,0,0,1000,3170,15:5:3,15:5:7,0,,4/27/2016
62,2,defaultGroupID,Desert Study,-1,1,0,1000,4423,15:5:7,15:5:13,0,,4/27/2016
63,2,defaultGroupID,Desert Study,-1,0,0,1000,4692,15:5:13,15:5:18,0,,4/27/2016
64,2,defaultGroupID,Desert Study,-1,1,0,1000,3096,15:5:18,15:5:23,0,,4/27/2016
65,2,defaultGroupID,Desert Study,-1,1,0,1000,4185,15:5:23,15:5:28,0,,4/27/2016
66,2,defaultGroupID,Desert Study,-1,0,0,1000,4558,15:5:28,15:5:33,0,,4/27/2016
67,2,defaultGroupID,Desert Study,-1,1,0,1000,4143,15:5:33,15:5:38,0,,4/27/2016
68,2,defaultGroupID,Desert Study,-1,1,0,1000,3231,15:5:38,15:5:43,0,,4/27/2016
69,2,defaultGroupID,Desert Study,-1,1,0,1000,3907,15:5:43,15:5:48,0,,4/27/2016
70,2,defaultGroupID,Desert Study,-1,1,0,1000,3464,15:5:48,15:5:52,0,,4/27/2016
71,2,defaultGroupID,Desert Study,-1,0,0,1000,3946,15:5:52,15:5:57,0,,4/27/2016
72,2,defaultGroupID,Desert Study,-1,1,0,1000,4513,15:5:57,15:6:3,0,,4/27/2016
73,2,defaultGroupID,Desert Study,-1,1,0,1000,3786,15:6:3,15:6:7,0,,4/27/2016
74,2,defaultGroupID,Desert Study,-1,1,0,1000,4364,15:6:7,15:6:13,0,,4/27/2016
75,2,defaultGroupID,Desert Study,-1,1,0,1000,3848,15:6:13,15:6:18,0,,4/27/2016
76,2,defaultGroupID,Desert Study,-1,1,0,1000,4991,15:6:18,15:6:24,0,,4/27/2016
77,2,defaultGroupID,Desert Study,-1,1,0,1000,3682,15:6:24,15:6:28,0,,4/27/2016
78,2,defaultGroupID,Desert Study,-1,1,0,1000,4422,15:6:28,15:6:34,0,,4/27/2016
79,2,defaultGroupID,Desert Study,-1,1,0,1000,3333,15:6:34,15:6:38,0,,4/27/2016
80,2,defaultGroupID,Desert Study,-1,1,0,1000,3353,15:6:38,15:6:42,0,,4/27/2016
81,2,defaultGroupID,Desert Study,-1,1,0,1000,3481,15:6:42,15:6:47,0,,4/27/2016
82,2,defaultGroupID,Desert Study,-1,1,0,1000,3107,15:6:47,15:6:51,0,,4/27/2016
83,2,defaultGroupID,Desert Study,-1,1,0,1000,4916,15:6:51,15:6:57,0,,4/27/2016
84,2,defaultGroupID,Desert Study,-1,1,0,1000,4160,15:6:57,15:7:2,0,,4/27/2016
85,2,defaultGroupID,Desert Study,-1,1,0,1000,3326,15:7:2,15:7:6,0,,4/27/2016
86,2,defaultGroupID,Desert Study,-1,1,0,1000,3318,15:7:6,15:7:11,0,,4/27/2016
87,2,defaultGroupID,Desert Study,-1,0,0,1000,3798,15:7:11,15:7:15,0,,4/27/2016
88,2,defaultGroupID,Desert Study,-1,1,0,1000,4981,15:7:15,15:7:21,0,,4/27/2016
89,2,defaultGroupID,Desert Study,-1,1,0,1000,4070,15:7:21,15:7:26,0,,4/27/2016
90,2,defaultGroupID,Desert Study,-1,1,0,1000,3424,15:7:26,15:7:31,0,,4/27/2016
91,2,defaultGroupID,Desert Study,-1,1,0,1000,3327,15:7:31,15:7:35,0,,4/27/2016
92,2,defaultGroupID,Desert Study,1162,0,2,1000,3183,15:7:35,15:7:39,0,,4/27/2016
93,2,defaultGroupID,Desert Study,4091,1,1,1000,4200,15:7:39,15:7:44,0,,4/27/2016
94,2,defaultGroupID,Desert Study,-1,1,2,1000,3266,15:7:44,15:7:47,0,,4/27/2016
95,2,defaultGroupID,Desert Study,-1,1,0,1000,4446,15:7:47,15:7:52,0,,4/27/2016
96,2,defaultGroupID,Desert Study,-1,1,0,1000,4114,15:7:52,15:7:57,0,,4/27/2016
97,2,defaultGroupID,Desert Study,-1,1,0,1000,4167,15:7:57,15:8:3,0,,4/27/2016
98,2,defaultGroupID,Desert Study,-1,1,0,1000,4794,15:8:3,15:8:8,0,,4/27/2016
99,2,defaultGroupID,Desert Study,-1,1,0,1000,3829,15:8:8,15:8:13,0,,4/27/2016
100,2,defaultGroupID,Desert Study,-1,1,0,1000,4055,15:8:13,15:8:18,0,,4/27/2016
101,2,defaultGroupID,Desert Study,-1,1,0,1000,4685,15:8:18,15:8:24,0,,4/27/2016
102,2,defaultGroupID,Desert Study,-1,1,0,1000,3755,15:8:24,15:8:29,0,,4/27/2016
103,2,defaultGroupID,Desert Study,-1,1,0,1000,3672,15:8:29,15:8:33,0,,4/27/2016
104,2,defaultGroupID,Desert Study,-1,1,0,1000,4668,15:8:33,15:8:39,0,,4/27/2016
105,2,defaultGroupID,Desert Study,-1,1,0,1000,4027,15:8:39,15:8:44,0,,4/27/2016
106,2,defaultGroupID,Desert Study,-1,1,0,1000,4589,15:8:44,15:8:50,0,,4/27/2016
107,2,defaultGroupID,Desert Study,-1,1,0,1000,3175,15:8:50,15:8:54,0,,4/27/2016
108,2,defaultGroupID,Desert Study,-1,1,0,1000,3797,15:8:54,15:8:59,0,,4/27/2016
109,2,defaultGroupID,Desert Study,-1,1,0,1000,4364,15:8:59,15:9:4,0,,4/27/2016
110,2,defaultGroupID,Desert Study,-1,1,0,1000,4092,15:9:4,15:9:9,0,,4/27/2016
111,2,defaultGroupID,Desert Study,3797,1,1,1000,3204,15:9:9,15:9:13,0,,4/27/2016
112,2,defaultGroupID,Desert Study,-1,1,0,1000,4100,15:9:13,15:9:17,0,,4/27/2016
113,2,defaultGroupID,Desert Study,3374,1,1,1000,4119,15:9:17,15:9:22,0,,4/27/2016
114,2,defaultGroupID,Desert Study,3858,1,1,1000,4769,15:9:22,15:9:26,0,,4/27/2016
115,2,defaultGroupID,Desert Study,-1,1,1,1000,3149,15:9:26,15:9:29,0,,4/27/2016
116,2,defaultGroupID,Desert Study,1218,1,3,1000,4422,15:9:29,15:9:35,0,,4/27/2016
117,2,defaultGroupID,Desert Study,-1,1,0,1000,3879,15:9:35,15:9:39,0,,4/27/2016
118,2,defaultGroupID,Desert Study,-1,1,0,1000,3509,15:9:39,15:9:42,0,,4/27/2016
119,2,defaultGroupID,Desert Study,-1,0,0,1000,3314,15:9:42,15:9:46,0,,4/27/2016
120,2,defaultGroupID,Desert Study,-1,1,0,1000,4241,15:9:46,15:9:50,0,,4/27/2016
121,2,defaultGroupID,Desert Study,-1,0,0,1000,3558,15:9:50,15:9:53,0,,4/27/2016
122,2,defaultGroupID,Desert Study,-1,0,0,1000,4533,15:9:53,15:9:58,0,,4/27/2016
123,2,defaultGroupID,Desert Study,-1,1,0,1000,4020,15:9:58,15:10:2,0,,4/27/2016
124,2,defaultGroupID,Desert Study,-1,1,0,1000,3405,15:10:2,15:10:5,0,,4/27/2016
125,2,defaultGroupID,Desert Study,-1,0,0,1000,3753,15:10:5,15:10:9,0,,4/27/2016
126,2,defaultGroupID,Desert Study,-1,1,0,1000,3215,15:10:9,15:10:12,0,,4/27/2016
127,2,defaultGroupID,Desert Study,-1,1,0,1000,3344,15:10:12,15:10:16,0,,4/27/2016
128,2,defaultGroupID,Desert Study,-1,0,0,1000,4221,15:10:16,15:10:20,0,,4/27/2016
129,2,defaultGroupID,Desert Study,1464,1,3,1000,3476,15:10:20,15:10:24,0,,4/27/2016
130,2,defaultGroupID,Desert Study,2149,1,3,1000,3842,15:10:24,15:10:29,0,,4/27/2016
131,2,defaultGroupID,Desert Study,1300,1,6,1000,3448,15:10:29,15:10:33,0,,4/27/2016
132,2,defaultGroupID,Desert Study,-1,0,0,1000,4358,15:10:33,15:10:38,0,,4/27/2016
133,2,defaultGroupID,Desert Study,-1,0,0,1000,3046,15:10:38,15:10:42,0,,4/27/2016
134,2,defaultGroupID,Desert Study,-1,1,0,1000,3765,15:10:42,15:10:47,0,,4/27/2016
135,2,defaultGroupID,Desert Study,-1,1,0,1000,3872,15:10:47,15:10:52,0,,4/27/2016
136,2,defaultGroupID,Desert Study,-1,1,0,1000,3671,15:10:52,15:10:56,0,,4/27/2016
137,2,defaultGroupID,Desert Study,-1,0,0,1000,3265,15:10:56,15:11:1,0,,4/27/2016
138,2,defaultGroupID,Desert Study,-1,1,0,1000,3622,15:11:1,15:11:5,0,,4/27/2016
139,2,defaultGroupID,Desert Study,-1,1,0,1000,3240,15:11:5,15:11:9,0,,4/27/2016
140,2,defaultGroupID,Desert Study,-1,1,0,1000,4604,15:11:9,15:11:15,0,,4/27/2016
141,2,defaultGroupID,Desert Study,-1,0,1,1000,3550,15:11:15,15:11:20,0,,4/27/2016
142,2,defaultGroupID,Desert Study,-1,1,0,1000,3859,15:11:20,15:11:24,0,,4/27/2016
143,2,defaultGroupID,Desert Study,-1,0,0,1000,3768,15:11:24,15:11:29,0,,4/27/2016
144,2,defaultGroupID,Desert Study,-1,0,0,1000,3570,15:11:29,15:11:34,0,,4/27/2016
145,2,defaultGroupID,Desert Study,-1,1,0,1000,4408,15:11:34,15:11:39,0,,4/27/2016
146,2,defaultGroupID,Desert Study,-1,1,0,1000,4027,15:11:39,15:11:44,0,,4/27/2016
147,2,defaultGroupID,Desert Study,-1,1,0,1000,3069,15:11:44,15:11:48,0,,4/27/2016
148,2,defaultGroupID,Desert Study,-1,1,0,1000,4779,15:11:48,15:11:54,0,,4/27/2016
149,2,defaultGroupID,Desert Study,-1,0,0,1000,4657,15:11:54,15:12:0,0,,4/27/2016
150,2,defaultGroupID,Desert Study,-1,1,0,1000,3143,15:12:0,15:12:4,0,,4/27/2016
151,2,defaultGroupID,Desert Study,-1,1,0,1000,3216,15:12:4,15:12:8,0,,4/27/2016
152,2,defaultGroupID,Desert Study,-1,1,0,1000,3149,15:12:8,15:12:12,0,,4/27/2016
153,2,defaultGroupID,Desert Study,-1,0,1,1000,4574,15:12:12,15:12:18,0,,4/27/2016
154,2,defaultGroupID,Desert Study,-1,0,0,1000,4638,15:12:18,15:12:23,0,,4/27/2016
155,2,defaultGroupID,Desert Study,-1,1,0,1000,4111,15:12:23,15:12:29,0,,4/27/2016
156,2,defaultGroupID,Desert Study,-1,1,0,1000,4622,15:12:29,15:12:34,0,,4/27/2016
157,2,defaultGroupID,Desert Study,-1,1,0,1000,3420,15:12:34,15:12:39,0,,4/27/2016
158,2,defaultGroupID,Desert Study,-1,1,0,1000,3086,15:12:39,15:12:43,0,,4/27/2016
159,2,defaultGroupID,Desert Study,-1,1,0,1000,3665,15:12:43,15:12:47,0,,4/27/2016
160,2,defaultGroupID,Desert Study,-1,1,0,1000,3329,15:12:47,15:12:52,0,,4/27/2016
161,2,defaultGroupID,Desert Study,-1,0,0,1000,3111,15:12:52,15:12:56,0,,4/27/2016
162,2,defaultGroupID,Desert Study,-1,1,0,1000,4205,15:12:56,15:13:1,0,,4/27/2016
163,2,defaultGroupID,Desert Study,-1,1,0,1000,4086,15:13:1,15:13:6,0,,4/27/2016
164,2,defaultGroupID,Desert Study,-1,0,0,1000,4499,15:13:6,15:13:12,0,,4/27/2016
165,2,defaultGroupID,Desert Study,-1,0,0,1000,4428,15:13:12,15:13:17,0,,4/27/2016
166,2,defaultGroupID,Desert Study,-1,0,0,1000,3320,15:13:17,15:13:21,0,,4/27/2016
167,2,defaultGroupID,Desert Study,-1,1,0,1000,4552,15:13:21,15:13:27,0,,4/27/2016
168,2,defaultGroupID,Desert Study,-1,1,0,1000,4709,15:13:27,15:13:33,0,,4/27/2016
169,2,defaultGroupID,Desert Study,-1,1,0,1000,3842,15:13:33,15:13:37,0,,4/27/2016
170,2,defaultGroupID,Desert Study,-1,1,0,1000,3955,15:13:37,15:13:42,0,,4/27/2016
171,2,defaultGroupID,Desert Study,-1,0,0,1000,3777,15:13:42,15:13:47,0,,4/27/2016
172,2,defaultGroupID,Desert Study,-1,1,0,1000,4084,15:13:47,15:13:52,0,,4/27/2016
173,2,defaultGroupID,Desert Study,-1,0,0,1000,4091,15:13:52,15:13:57,0,,4/27/2016
174,2,defaultGroupID,Desert Study,1364,1,1,1000,3416,15:13:57,15:14:2,0,,4/27/2016
175,2,defaultGroupID,Desert Study,-1,1,0,1000,3294,15:14:2,15:14:6,0,,4/27/2016
176,2,defaultGroupID,Desert Study,2249,1,1,1000,3691,15:14:6,15:14:11,0,,4/27/2016
177,2,defaultGroupID,Desert Study,1359,1,4,1000,4729,15:14:11,15:14:16,0,,4/27/2016
178,2,defaultGroupID,Desert Study,-1,1,0,1000,4615,15:14:16,15:14:22,0,,4/27/2016
179,2,defaultGroupID,Desert Study,-1,1,0,1000,3781,15:14:22,15:14:27,0,,4/27/2016
180,2,defaultGroupID,Desert Study,-1,1,0,1000,3283,15:14:27,15:14:31,0,,4/27/2016
181,2,defaultGroupID,Desert Study,-1,1,0,1000,4976,15:14:31,15:14:37,0,,4/27/2016
182,2,defaultGroupID,Desert Study,-1,1,0,1000,4300,15:14:37,15:14:42,0,,4/27/2016
183,2,defaultGroupID,Desert Study,-1,1,0,1000,4600,15:14:42,15:14:48,0,,4/27/2016
184,2,defaultGroupID,Desert Study,-1,1,0,1000,3401,15:14:48,15:14:52,0,,4/27/2016
185,2,defaultGroupID,Desert Study,-1,0,0,1000,4452,15:14:52,15:14:58,0,,4/27/2016
186,2,defaultGroupID,Desert Study,-1,1,0,1000,4720,15:14:58,15:15:4,0,,4/27/2016
187,2,defaultGroupID,Desert Study,-1,1,0,1000,4405,15:15:4,15:15:9,0,,4/27/2016
188,2,defaultGroupID,Desert Study,-1,1,0,1000,4269,15:15:9,15:15:14,0,,4/27/2016
189,2,defaultGroupID,Desert Study,-1,1,0,1000,4718,15:15:14,15:15:20,0,,4/27/2016
190,2,defaultGroupID,Desert Study,-1,1,0,1000,4888,15:15:20,15:15:26,0,,4/27/2016
191,2,defaultGroupID,Desert Study,-1,1,0,1000,4492,15:15:26,15:15:31,0,,4/27/2016
192,2,defaultGroupID,Desert Study,-1,1,0,1000,3199,15:15:31,15:15:36,0,,4/27/2016
193,2,defaultGroupID,Desert Study,-1,1,0,1000,3688,15:15:36,15:15:40,0,,4/27/2016
194,2,defaultGroupID,Desert Study,-1,1,0,1000,4180,15:15:40,15:15:45,0,,4/27/2016
195,2,defaultGroupID,Desert Study,-1,1,0,1000,4811,15:15:45,15:15:51,0,,4/27/2016
196,2,defaultGroupID,Desert Study,-1,1,0,1000,4337,15:15:51,15:15:57,0,,4/27/2016
197,2,defaultGroupID,Desert Study,-1,0,0,1000,4632,15:15:57,15:16:2,0,,4/27/2016
198,2,defaultGroupID,Desert Study,-1,1,0,1000,3080,15:16:2,15:16:6,0,,4/27/2016
199,2,defaultGroupID,Desert Study,-1,1,0,1000,3601,15:16:6,15:16:11,0,,4/27/2016
200,2,defaultGroupID,Desert Study,-1,1,0,1000,3931,15:16:11,15:16:16,0,,4/27/2016
201,2,defaultGroupID,Desert Study,-1,1,0,1000,4302,15:16:16,15:16:21,0,,4/27/2016
202,2,defaultGroupID,Desert Study,-1,1,0,1000,4699,15:16:21,15:16:27,0,,4/27/2016
203,2,defaultGroupID,Desert Study,-1,0,0,1000,4087,15:16:27,15:16:32,0,,4/27/2016
204,2,defaultGroupID,Desert Study,-1,1,0,1000,4074,15:16:32,15:16:37,0,,4/27/2016
205,2,defaultGroupID,Desert Study,-1,1,0,1000,3640,15:16:37,15:16:42,0,,4/27/2016
206,2,defaultGroupID,Desert Study,-1,1,0,1000,3642,15:16:42,15:16:46,0,,4/27/2016
207,2,defaultGroupID,Desert Study,-1,0,0,1000,4310,15:16:46,15:16:52,0,,4/27/2016
208,2,defaultGroupID,Desert Study,2531,1,3,1000,3993,15:16:52,15:16:57,0,,4/27/2016
209,2,defaultGroupID,Desert Study,-1,0,0,1000,4359,15:16:57,15:17:1,0,,4/27/2016
210,2,defaultGroupID,Desert Study,-1,0,0,1000,3666,15:17:1,15:17:5,0,,4/27/2016
211,2,defaultGroupID,Desert Study,-1,1,0,1000,4789,15:17:5,15:17:9,0,,4/27/2016
212,2,defaultGroupID,Desert Study,-1,1,0,1000,4823,15:17:9,15:17:14,0,,4/27/2016
213,2,defaultGroupID,Desert Study,-1,1,0,1000,3583,15:17:14,15:17:18,0,,4/27/2016
214,2,defaultGroupID,Desert Study,-1,1,0,1000,4829,15:17:18,15:17:23,0,,4/27/2016
215,2,defaultGroupID,Desert Study,-1,0,0,1000,3884,15:17:23,15:17:27,0,,4/27/2016
216,2,defaultGroupID,Desert Study,-1,1,0,1000,4200,15:17:27,15:17:31,0,,4/27/2016
217,2,defaultGroupID,Desert Study,2294,1,1,1000,3264,15:17:31,15:17:34,0,,4/27/2016
218,2,defaultGroupID,Desert Study,1166,0,1,1000,4210,15:17:34,15:17:39,0,,4/27/2016
