UniqueID, BlockID, GroupID, ConfigName, Response Time, LED Red (1=Red 0=Green), pressCount, LEDOnTime, InterStimulusDuration, PCStartTime, PCEndTime, isPractice, keyDown, Date
1,0,defaultGroupID,Desert Study,-1,1,0,1000,3039,9:32:50,9:32:54,1,,5/3/2016
2,0,defaultGroupID,Desert Study,-1,1,0,1000,4201,9:32:54,9:32:59,1,,5/3/2016
3,0,defaultGroupID,Desert Study,-1,1,0,1000,3565,9:32:59,9:33:3,1,,5/3/2016
4,0,defaultGroupID,Desert Study,-1,1,0,1000,4111,9:33:3,9:33:8,1,,5/3/2016
5,0,defaultGroupID,Desert Study,-1,1,0,1000,3870,9:33:8,9:33:13,1,,5/3/2016
6,0,defaultGroupID,Desert Study,-1,1,0,1000,4688,9:33:13,9:33:19,1,,5/3/2016
7,0,defaultGroupID,Desert Study,-1,1,0,1000,4026,9:33:19,9:33:24,1,,5/3/2016
8,0,defaultGroupID,Desert Study,-1,1,0,1000,4597,9:33:24,9:33:30,1,,5/3/2016
9,0,defaultGroupID,Desert Study,-1,1,0,1000,4948,9:33:30,9:33:36,1,,5/3/2016
10,0,defaultGroupID,Desert Study,-1,1,0,1000,4200,9:33:36,9:33:41,1,,5/3/2016
11,0,defaultGroupID,Desert Study,-1,1,0,1000,4373,9:33:41,9:33:46,1,,5/3/2016
12,1,defaultGroupID,Desert Study,-1,1,0,1000,4821,9:34:13,9:34:18,0,,5/3/2016
13,1,defaultGroupID,Desert Study,-1,1,0,1000,3228,9:34:18,9:34:23,0,,5/3/2016
14,1,defaultGroupID,Desert Study,-1,1,0,1000,3221,9:34:23,9:34:27,0,,5/3/2016
15,1,defaultGroupID,Desert Study,482,0,1,1000,3405,9:34:27,9:34:31,0,,5/3/2016
16,1,defaultGroupID,Desert Study,-1,1,0,1000,3635,9:34:31,9:34:36,0,,5/3/2016
17,1,defaultGroupID,Desert Study,-1,1,0,1000,3354,9:34:36,9:34:40,0,,5/3/2016
18,1,defaultGroupID,Desert Study,309,0,1,1000,3696,9:34:40,9:34:44,0,,5/3/2016
19,1,defaultGroupID,Desert Study,420,0,1,1000,3217,9:34:44,9:34:48,0,,5/3/2016
20,1,defaultGroupID,Desert Study,-1,1,0,1000,4856,9:34:48,9:34:54,0,,5/3/2016
21,1,defaultGroupID,Desert Study,413,0,1,1000,3663,9:34:54,9:34:58,0,,5/3/2016
22,1,defaultGroupID,Desert Study,-1,1,0,1000,3237,9:34:58,9:35:2,0,,5/3/2016
23,1,defaultGroupID,Desert Study,-1,1,0,1000,3693,9:35:2,9:35:7,0,,5/3/2016
24,1,defaultGroupID,Desert Study,-1,1,0,1000,3534,9:35:7,9:35:11,0,,5/3/2016
25,1,defaultGroupID,Desert Study,-1,1,0,1000,3768,9:35:11,9:35:16,0,,5/3/2016
26,1,defaultGroupID,Desert Study,-1,1,0,1000,3180,9:35:16,9:35:20,0,,5/3/2016
27,1,defaultGroupID,Desert Study,349,0,1,1000,4350,9:35:20,9:35:25,0,,5/3/2016
28,1,defaultGroupID,Desert Study,-1,1,0,1000,3032,9:35:25,9:35:29,0,,5/3/2016
29,1,defaultGroupID,Desert Study,-1,1,0,1000,4687,9:35:29,9:35:35,0,,5/3/2016
30,1,defaultGroupID,Desert Study,-1,1,0,1000,3581,9:35:35,9:35:39,0,,5/3/2016
31,1,defaultGroupID,Desert Study,-1,1,0,1000,3795,9:35:39,9:35:44,0,,5/3/2016
32,1,defaultGroupID,Desert Study,-1,1,0,1000,3859,9:35:44,9:35:49,0,,5/3/2016
33,1,defaultGroupID,Desert Study,-1,1,0,1000,3900,9:35:49,9:35:54,0,,5/3/2016
34,1,defaultGroupID,Desert Study,-1,1,0,1000,4634,9:35:54,9:35:59,0,,5/3/2016
35,1,defaultGroupID,Desert Study,-1,1,0,1000,3564,9:35:59,9:36:4,0,,5/3/2016
36,1,defaultGroupID,Desert Study,-1,1,0,1000,3421,9:36:4,9:36:8,0,,5/3/2016
37,1,defaultGroupID,Desert Study,329,0,1,1000,3742,9:36:8,9:36:12,0,,5/3/2016
38,1,defaultGroupID,Desert Study,-1,1,0,1000,3071,9:36:12,9:36:16,0,,5/3/2016
39,1,defaultGroupID,Desert Study,-1,1,0,1000,3763,9:36:16,9:36:21,0,,5/3/2016
40,1,defaultGroupID,Desert Study,-1,1,0,1000,3321,9:36:21,9:36:26,0,,5/3/2016
41,1,defaultGroupID,Desert Study,-1,1,0,1000,3645,9:36:26,9:36:30,0,,5/3/2016
42,1,defaultGroupID,Desert Study,-1,1,0,1000,3162,9:36:30,9:36:34,0,,5/3/2016
43,1,defaultGroupID,Desert Study,-1,1,0,1000,3463,9:36:34,9:36:39,0,,5/3/2016
44,1,defaultGroupID,Desert Study,-1,1,0,1000,3191,9:36:39,9:36:43,0,,5/3/2016
45,1,defaultGroupID,Desert Study,-1,1,0,1000,4828,9:36:43,9:36:49,0,,5/3/2016
46,1,defaultGroupID,Desert Study,-1,1,0,1000,3791,9:36:49,9:36:54,0,,5/3/2016
47,1,defaultGroupID,Desert Study,-1,1,0,1000,3868,9:36:54,9:36:58,0,,5/3/2016
48,1,defaultGroupID,Desert Study,-1,1,0,1000,4971,9:36:58,9:37:4,0,,5/3/2016
49,1,defaultGroupID,Desert Study,-1,1,0,1000,4999,9:37:4,9:37:10,0,,5/3/2016
50,1,defaultGroupID,Desert Study,-1,1,0,1000,4375,9:37:10,9:37:16,0,,5/3/2016
51,1,defaultGroupID,Desert Study,-1,1,0,1000,3540,9:37:16,9:37:20,0,,5/3/2016
52,1,defaultGroupID,Desert Study,-1,1,0,1000,3576,9:37:20,9:37:25,0,,5/3/2016
53,1,defaultGroupID,Desert Study,-1,1,0,1000,3815,9:37:25,9:37:30,0,,5/3/2016
54,1,defaultGroupID,Desert Study,-1,1,0,1000,3489,9:37:30,9:37:34,0,,5/3/2016
55,1,defaultGroupID,Desert Study,430,0,1,1000,4643,9:37:34,9:37:39,0,,5/3/2016
56,1,defaultGroupID,Desert Study,-1,1,0,1000,3603,9:37:39,9:37:44,0,,5/3/2016
57,1,defaultGroupID,Desert Study,-1,1,0,1000,3767,9:37:44,9:37:49,0,,5/3/2016
58,1,defaultGroupID,Desert Study,265,0,1,1000,4198,9:37:49,9:37:53,0,,5/3/2016
59,1,defaultGroupID,Desert Study,-1,1,0,1000,4090,9:37:53,9:37:58,0,,5/3/2016
60,1,defaultGroupID,Desert Study,282,0,1,1000,4381,9:37:58,9:38:3,0,,5/3/2016
61,1,defaultGroupID,Desert Study,-1,1,0,1000,4688,9:38:3,9:38:9,0,,5/3/2016
62,1,defaultGroupID,Desert Study,-1,1,0,1000,3347,9:38:9,9:38:13,0,,5/3/2016
63,1,defaultGroupID,Desert Study,-1,1,0,1000,3300,9:38:13,9:38:17,0,,5/3/2016
64,1,defaultGroupID,Desert Study,-1,1,0,1000,4373,9:38:17,9:38:23,0,,5/3/2016
65,1,defaultGroupID,Desert Study,291,0,1,1000,4441,9:38:23,9:38:27,0,,5/3/2016
66,1,defaultGroupID,Desert Study,345,0,1,1000,4087,9:38:27,9:38:32,0,,5/3/2016
67,1,defaultGroupID,Desert Study,-1,1,0,1000,4511,9:38:32,9:38:38,0,,5/3/2016
68,1,defaultGroupID,Desert Study,-1,1,0,1000,3626,9:38:38,9:38:43,0,,5/3/2016
69,1,defaultGroupID,Desert Study,-1,1,0,1000,3703,9:38:43,9:38:47,0,,5/3/2016
70,1,defaultGroupID,Desert Study,-1,1,0,1000,4599,9:38:47,9:38:53,0,,5/3/2016
71,1,defaultGroupID,Desert Study,-1,1,0,1000,4504,9:38:53,9:38:58,0,,5/3/2016
72,1,defaultGroupID,Desert Study,391,0,1,1000,3694,9:38:58,9:39:3,0,,5/3/2016
73,1,defaultGroupID,Desert Study,335,0,1,1000,4693,9:39:3,9:39:8,0,,5/3/2016
74,1,defaultGroupID,Desert Study,-1,1,0,1000,4975,9:39:8,9:39:14,0,,5/3/2016
75,1,defaultGroupID,Desert Study,-1,1,0,1000,4458,9:39:14,9:39:20,0,,5/3/2016
76,1,defaultGroupID,Desert Study,-1,1,0,1000,4799,9:39:20,9:39:25,0,,5/3/2016
77,1,defaultGroupID,Desert Study,-1,1,0,1000,4543,9:39:25,9:39:31,0,,5/3/2016
78,1,defaultGroupID,Desert Study,-1,1,0,1000,3353,9:39:31,9:39:35,0,,5/3/2016
79,1,defaultGroupID,Desert Study,356,0,1,1000,3861,9:39:35,9:39:39,0,,5/3/2016
80,1,defaultGroupID,Desert Study,-1,1,0,1000,3169,9:39:39,9:39:44,0,,5/3/2016
81,1,defaultGroupID,Desert Study,-1,1,0,1000,4781,9:39:44,9:39:49,0,,5/3/2016
82,1,defaultGroupID,Desert Study,-1,1,0,1000,3028,9:39:49,9:39:53,0,,5/3/2016
83,1,defaultGroupID,Desert Study,314,0,1,1000,4057,9:39:53,9:39:58,0,,5/3/2016
84,1,defaultGroupID,Desert Study,-1,1,0,1000,3084,9:39:58,9:40:2,0,,5/3/2016
85,1,defaultGroupID,Desert Study,-1,1,0,1000,3290,9:40:2,9:40:6,0,,5/3/2016
86,1,defaultGroupID,Desert Study,-1,1,0,1000,4889,9:40:6,9:40:12,0,,5/3/2016
87,1,defaultGroupID,Desert Study,351,0,1,1000,3874,9:40:12,9:40:16,0,,5/3/2016
88,1,defaultGroupID,Desert Study,-1,1,0,1000,4676,9:40:16,9:40:22,0,,5/3/2016
89,1,defaultGroupID,Desert Study,-1,1,0,1000,4526,9:40:22,9:40:27,0,,5/3/2016
90,1,defaultGroupID,Desert Study,316,0,1,1000,3137,9:40:27,9:40:31,0,,5/3/2016
91,1,defaultGroupID,Desert Study,-1,1,0,1000,3696,9:40:31,9:40:36,0,,5/3/2016
92,1,defaultGroupID,Desert Study,-1,1,0,1000,4090,9:40:36,9:40:41,0,,5/3/2016
93,1,defaultGroupID,Desert Study,-1,1,0,1000,3822,9:40:41,9:40:46,0,,5/3/2016
94,1,defaultGroupID,Desert Study,-1,1,0,1000,3445,9:40:46,9:40:50,0,,5/3/2016
95,1,defaultGroupID,Desert Study,-1,1,0,1000,3640,9:40:50,9:40:55,0,,5/3/2016
96,1,defaultGroupID,Desert Study,-1,1,0,1000,3783,9:40:55,9:40:59,0,,5/3/2016
97,1,defaultGroupID,Desert Study,-1,1,0,1000,4978,9:40:59,9:41:5,0,,5/3/2016
98,1,defaultGroupID,Desert Study,-1,1,0,1000,4569,9:41:5,9:41:11,0,,5/3/2016
99,1,defaultGroupID,Desert Study,-1,1,0,1000,3515,9:41:11,9:41:15,0,,5/3/2016
100,1,defaultGroupID,Desert Study,-1,1,0,1000,4834,9:41:15,9:41:21,0,,5/3/2016
101,1,defaultGroupID,Desert Study,338,0,1,1000,4906,9:41:21,9:41:27,0,,5/3/2016
102,1,defaultGroupID,Desert Study,-1,1,0,1000,3145,9:41:27,9:41:31,0,,5/3/2016
103,1,defaultGroupID,Desert Study,-1,1,0,1000,3667,9:41:31,9:41:35,0,,5/3/2016
104,1,defaultGroupID,Desert Study,-1,1,0,1000,3770,9:41:35,9:41:40,0,,5/3/2016
105,1,defaultGroupID,Desert Study,-1,1,0,1000,4254,9:41:40,9:41:45,0,,5/3/2016
106,1,defaultGroupID,Desert Study,322,0,1,1000,4818,9:41:45,9:41:51,0,,5/3/2016
107,1,defaultGroupID,Desert Study,-1,1,0,1000,4814,9:41:51,9:41:56,0,,5/3/2016
108,1,defaultGroupID,Desert Study,373,1,1,1000,3792,9:41:56,9:42:1,0,,5/3/2016
109,1,defaultGroupID,Desert Study,-1,1,0,1000,3862,9:42:1,9:42:5,0,,5/3/2016
110,1,defaultGroupID,Desert Study,-1,1,0,1000,3845,9:42:5,9:42:10,0,,5/3/2016
111,1,defaultGroupID,Desert Study,452,0,1,1000,3776,9:42:10,9:42:14,0,,5/3/2016
112,1,defaultGroupID,Desert Study,342,0,1,1000,4032,9:42:14,9:42:19,0,,5/3/2016
113,1,defaultGroupID,Desert Study,-1,1,0,1000,3274,9:42:19,9:42:23,0,,5/3/2016
114,1,defaultGroupID,Desert Study,-1,1,0,1000,3874,9:42:23,9:42:28,0,,5/3/2016
115,1,defaultGroupID,Desert Study,-1,1,0,1000,3580,9:42:28,9:42:33,0,,5/3/2016
116,1,defaultGroupID,Desert Study,-1,1,0,1000,3703,9:42:33,9:42:37,0,,5/3/2016
117,1,defaultGroupID,Desert Study,-1,1,0,1000,4603,9:42:37,9:42:43,0,,5/3/2016
118,1,defaultGroupID,Desert Study,-1,1,0,1000,4898,9:42:43,9:42:49,0,,5/3/2016
119,1,defaultGroupID,Desert Study,-1,1,0,1000,4285,9:42:49,9:42:54,0,,5/3/2016
120,1,defaultGroupID,Desert Study,-1,1,0,1000,4947,9:42:54,9:43:0,0,,5/3/2016
121,1,defaultGroupID,Desert Study,-1,1,0,1000,4718,9:43:0,9:43:6,0,,5/3/2016
122,1,defaultGroupID,Desert Study,352,0,1,1000,3974,9:43:6,9:43:10,0,,5/3/2016
123,1,defaultGroupID,Desert Study,-1,1,0,1000,3325,9:43:10,9:43:14,0,,5/3/2016
124,1,defaultGroupID,Desert Study,-1,1,0,1000,3308,9:43:14,9:43:19,0,,5/3/2016
125,1,defaultGroupID,Desert Study,-1,1,0,1000,4409,9:43:19,9:43:24,0,,5/3/2016
126,1,defaultGroupID,Desert Study,501,0,1,1000,3383,9:43:24,9:43:28,0,,5/3/2016
127,1,defaultGroupID,Desert Study,-1,1,0,1000,3703,9:43:28,9:43:33,0,,5/3/2016
128,1,defaultGroupID,Desert Study,-1,1,0,1000,4181,9:43:33,9:43:38,0,,5/3/2016
129,1,defaultGroupID,Desert Study,503,0,1,1000,4112,9:43:38,9:43:43,0,,5/3/2016
130,1,defaultGroupID,Desert Study,-1,1,0,1000,3586,9:43:43,9:43:48,0,,5/3/2016
131,1,defaultGroupID,Desert Study,-1,1,0,1000,4329,9:43:48,9:43:53,0,,5/3/2016
132,1,defaultGroupID,Desert Study,-1,1,0,1000,3276,9:43:53,9:43:57,0,,5/3/2016
133,1,defaultGroupID,Desert Study,-1,1,0,1000,4989,9:43:57,9:44:3,0,,5/3/2016
134,1,defaultGroupID,Desert Study,285,0,1,1000,3346,9:44:3,9:44:7,0,,5/3/2016
135,1,defaultGroupID,Desert Study,-1,1,0,1000,3527,9:44:7,9:44:11,0,,5/3/2016
136,1,defaultGroupID,Desert Study,-1,1,0,1000,4788,9:44:11,9:44:17,0,,5/3/2016
137,1,defaultGroupID,Desert Study,412,0,1,1000,4326,9:44:17,9:44:22,0,,5/3/2016
138,1,defaultGroupID,Desert Study,-1,1,0,1000,3155,9:44:22,9:44:26,0,,5/3/2016
139,1,defaultGroupID,Desert Study,-1,1,0,1000,3149,9:44:26,9:44:30,0,,5/3/2016
140,1,defaultGroupID,Desert Study,-1,1,0,1000,4179,9:44:30,9:44:35,0,,5/3/2016
141,1,defaultGroupID,Desert Study,357,0,1,1000,3131,9:44:35,9:44:39,0,,5/3/2016
142,1,defaultGroupID,Desert Study,-1,1,0,1000,3127,9:44:39,9:44:43,0,,5/3/2016
143,1,defaultGroupID,Desert Study,-1,1,0,1000,4176,9:44:43,9:44:48,0,,5/3/2016
144,1,defaultGroupID,Desert Study,-1,1,0,1000,4232,9:44:48,9:44:53,0,,5/3/2016
145,1,defaultGroupID,Desert Study,-1,1,0,1000,4980,9:44:53,9:44:59,0,,5/3/2016
146,1,defaultGroupID,Desert Study,-1,1,0,1000,4548,9:44:59,9:45:5,0,,5/3/2016
147,1,defaultGroupID,Desert Study,-1,1,0,1000,4135,9:45:5,9:45:10,0,,5/3/2016
148,1,defaultGroupID,Desert Study,356,0,1,1000,4948,9:45:10,9:45:15,0,,5/3/2016
149,1,defaultGroupID,Desert Study,-1,1,0,1000,3557,9:45:15,9:45:20,0,,5/3/2016
150,1,defaultGroupID,Desert Study,-1,1,0,1000,3792,9:45:20,9:45:25,0,,5/3/2016
151,1,defaultGroupID,Desert Study,280,0,1,1000,3489,9:45:25,9:45:28,0,,5/3/2016
152,1,defaultGroupID,Desert Study,-1,1,0,1000,3840,9:45:28,9:45:33,0,,5/3/2016
153,1,defaultGroupID,Desert Study,-1,1,0,1000,4443,9:45:33,9:45:39,0,,5/3/2016
154,1,defaultGroupID,Desert Study,-1,1,0,1000,3674,9:45:39,9:45:43,0,,5/3/2016
155,1,defaultGroupID,Desert Study,351,0,1,1000,4183,9:45:43,9:45:48,0,,5/3/2016
156,1,defaultGroupID,Desert Study,-1,1,0,1000,3616,9:45:48,9:45:53,0,,5/3/2016
157,1,defaultGroupID,Desert Study,-1,1,0,1000,4215,9:45:53,9:45:58,0,,5/3/2016
158,1,defaultGroupID,Desert Study,-1,1,0,1000,3593,9:45:58,9:46:2,0,,5/3/2016
159,1,defaultGroupID,Desert Study,-1,1,0,1000,4357,9:46:2,9:46:8,0,,5/3/2016
160,1,defaultGroupID,Desert Study,-1,1,0,1000,3573,9:46:8,9:46:12,0,,5/3/2016
161,1,defaultGroupID,Desert Study,-1,1,0,1000,4437,9:46:12,9:46:18,0,,5/3/2016
162,1,defaultGroupID,Desert Study,-1,1,0,1000,4916,9:46:18,9:46:24,0,,5/3/2016
163,1,defaultGroupID,Desert Study,-1,1,0,1000,4819,9:46:24,9:46:29,0,,5/3/2016
164,1,defaultGroupID,Desert Study,-1,1,0,1000,3714,9:46:29,9:46:34,0,,5/3/2016
165,1,defaultGroupID,Desert Study,-1,1,0,1000,4283,9:46:34,9:46:39,0,,5/3/2016
166,1,defaultGroupID,Desert Study,-1,1,0,1000,4588,9:46:39,9:46:45,0,,5/3/2016
167,1,defaultGroupID,Desert Study,-1,1,0,1000,4208,9:46:45,9:46:50,0,,5/3/2016
168,1,defaultGroupID,Desert Study,-1,1,0,1000,3810,9:46:50,9:46:55,0,,5/3/2016
169,1,defaultGroupID,Desert Study,-1,1,0,1000,4078,9:46:55,9:47:0,0,,5/3/2016
170,1,defaultGroupID,Desert Study,-1,1,0,1000,4618,9:47:0,9:47:6,0,,5/3/2016
171,1,defaultGroupID,Desert Study,-1,1,0,1000,4333,9:47:6,9:47:11,0,,5/3/2016
172,1,defaultGroupID,Desert Study,-1,1,0,1000,3422,9:47:11,9:47:15,0,,5/3/2016
173,1,defaultGroupID,Desert Study,-1,1,0,1000,4606,9:47:15,9:47:21,0,,5/3/2016
174,1,defaultGroupID,Desert Study,-1,1,0,1000,4004,9:47:21,9:47:26,0,,5/3/2016
175,1,defaultGroupID,Desert Study,-1,1,0,1000,4180,9:47:26,9:47:31,0,,5/3/2016
176,1,defaultGroupID,Desert Study,-1,1,0,1000,3487,9:47:31,9:47:36,0,,5/3/2016
177,1,defaultGroupID,Desert Study,-1,1,0,1000,3338,9:47:36,9:47:40,0,,5/3/2016
178,1,defaultGroupID,Desert Study,-1,1,0,1000,3383,9:47:40,9:47:44,0,,5/3/2016
179,1,defaultGroupID,Desert Study,-1,1,0,1000,3377,9:47:44,9:47:49,0,,5/3/2016
180,1,defaultGroupID,Desert Study,-1,1,0,1000,3326,9:47:49,9:47:53,0,,5/3/2016
181,1,defaultGroupID,Desert Study,472,0,1,1000,4985,9:47:53,9:47:59,0,,5/3/2016
182,1,defaultGroupID,Desert Study,-1,1,0,1000,4635,9:47:59,9:48:4,0,,5/3/2016
183,1,defaultGroupID,Desert Study,-1,1,0,1000,3063,9:48:4,9:48:8,0,,5/3/2016
184,1,defaultGroupID,Desert Study,-1,1,0,1000,4443,9:48:8,9:48:14,0,,5/3/2016
185,1,defaultGroupID,Desert Study,-1,1,0,1000,4672,9:48:14,9:48:19,0,,5/3/2016
186,1,defaultGroupID,Desert Study,418,0,1,1000,4846,9:48:19,9:48:25,0,,5/3/2016
187,1,defaultGroupID,Desert Study,-1,1,0,1000,3956,9:48:25,9:48:30,0,,5/3/2016
188,1,defaultGroupID,Desert Study,431,0,1,1000,4803,9:48:30,9:48:35,0,,5/3/2016
189,1,defaultGroupID,Desert Study,428,0,1,1000,3215,9:48:35,9:48:39,0,,5/3/2016
190,1,defaultGroupID,Desert Study,-1,1,0,1000,4502,9:48:39,9:48:44,0,,5/3/2016
191,1,defaultGroupID,Desert Study,-1,1,0,1000,4313,9:48:44,9:48:49,0,,5/3/2016
192,1,defaultGroupID,Desert Study,-1,1,0,1000,4975,9:48:49,9:48:55,0,,5/3/2016
193,1,defaultGroupID,Desert Study,-1,1,0,1000,4652,9:48:55,9:49:1,0,,5/3/2016
194,1,defaultGroupID,Desert Study,-1,1,0,1000,4157,9:49:1,9:49:6,0,,5/3/2016
195,1,defaultGroupID,Desert Study,-1,1,0,1000,3013,9:49:6,9:49:10,0,,5/3/2016
196,1,defaultGroupID,Desert Study,-1,1,0,1000,4736,9:49:10,9:49:16,0,,5/3/2016
197,1,defaultGroupID,Desert Study,479,0,1,1000,3882,9:49:16,9:49:20,0,,5/3/2016
198,1,defaultGroupID,Desert Study,400,0,1,1000,4210,9:49:20,9:49:25,0,,5/3/2016
199,1,defaultGroupID,Desert Study,-1,1,0,1000,3172,9:49:25,9:49:29,0,,5/3/2016
200,1,defaultGroupID,Desert Study,-1,1,0,1000,4344,9:49:29,9:49:34,0,,5/3/2016
201,1,defaultGroupID,Desert Study,-1,1,0,1000,3048,9:49:34,9:49:38,0,,5/3/2016
202,1,defaultGroupID,Desert Study,-1,1,0,1000,3130,9:49:38,9:49:43,0,,5/3/2016
203,1,defaultGroupID,Desert Study,-1,1,0,1000,3675,9:49:43,9:49:47,0,,5/3/2016
204,1,defaultGroupID,Desert Study,-1,1,0,1000,4380,9:49:47,9:49:53,0,,5/3/2016
205,1,defaultGroupID,Desert Study,-1,1,0,1000,3421,9:49:53,9:49:57,0,,5/3/2016
206,1,defaultGroupID,Desert Study,-1,1,0,1000,3418,9:49:57,9:50:1,0,,5/3/2016
207,1,defaultGroupID,Desert Study,-1,1,0,1000,3930,9:50:1,9:50:6,0,,5/3/2016
208,1,defaultGroupID,Desert Study,-1,1,0,1000,4882,9:50:6,9:50:12,0,,5/3/2016
209,1,defaultGroupID,Desert Study,-1,1,0,1000,3131,9:50:12,9:50:16,0,,5/3/2016
210,1,defaultGroupID,Desert Study,-1,1,0,1000,3753,9:50:16,9:50:21,0,,5/3/2016
211,1,defaultGroupID,Desert Study,470,0,1,1000,4661,9:50:21,9:50:26,0,,5/3/2016
212,1,defaultGroupID,Desert Study,-1,1,0,1000,4154,9:50:26,9:50:31,0,,5/3/2016
213,1,defaultGroupID,Desert Study,293,0,1,1000,3599,9:50:31,9:50:35,0,,5/3/2016
214,1,defaultGroupID,Desert Study,3100,1,0,1000,3197,9:50:35,9:50:40,0,,5/3/2016
215,1,defaultGroupID,Desert Study,-1,1,0,1000,4302,9:50:40,9:50:45,0,,5/3/2016
216,1,defaultGroupID,Desert Study,-1,1,0,1000,4657,9:50:45,9:50:50,0,,5/3/2016
217,1,defaultGroupID,Desert Study,-1,1,0,1000,4150,9:50:50,9:50:56,0,,5/3/2016
218,1,defaultGroupID,Desert Study,-1,0,0,1000,3089,9:50:56,9:51:0,0,,5/3/2016
219,1,defaultGroupID,Desert Study,-1,1,0,1000,3720,9:51:0,9:51:4,0,,5/3/2016
220,1,defaultGroupID,Desert Study,-1,1,0,1000,4299,9:51:4,9:51:10,0,,5/3/2016
