UniqueID, BlockID, GroupID, ConfigName, Response Time, LED Red (1=Red 0=Green), pressCount, LEDOnTime, InterStimulusDuration, PCStartTime, PCEndTime, isPractice, keyDown, Date
1,0,defaultGroupID,Desert Studies,-1,1,0,1000,3373,12:46:1,12:46:5,1,,4/27/2016
2,0,defaultGroupID,Desert Studies,-1,0,0,1000,4970,12:46:5,12:46:11,1,,4/27/2016
3,1,defaultGroupID,Desert Studies,-1,0,0,1000,3955,12:46:18,12:46:22,0,,4/27/2016
4,1,defaultGroupID,Desert Studies,-1,1,0,1000,4161,12:46:22,12:46:28,0,,4/27/2016
5,1,defaultGroupID,Desert Studies,-1,1,0,1000,4168,12:46:28,12:46:33,0,,4/27/2016
6,1,defaultGroupID,Desert Studies,-1,1,0,1000,4243,12:46:33,12:46:38,0,,4/27/2016
7,1,defaultGroupID,Desert Studies,-1,1,0,1000,3469,12:46:38,12:46:42,0,,4/27/2016
8,1,defaultGroupID,Desert Studies,-1,1,0,1000,4543,12:46:42,12:46:48,0,,4/27/2016
9,1,defaultGroupID,Desert Studies,-1,1,0,1000,3187,12:46:48,12:46:52,0,,4/27/2016
10,1,defaultGroupID,Desert Studies,-1,1,0,1000,4930,12:46:52,12:46:58,0,,4/27/2016
11,1,defaultGroupID,Desert Studies,-1,0,0,1000,4883,12:46:58,12:47:4,0,,4/27/2016
12,1,defaultGroupID,Desert Studies,-1,1,0,1000,4247,12:47:4,12:47:9,0,,4/27/2016
13,1,defaultGroupID,Desert Studies,-1,1,0,1000,4931,12:47:9,12:47:15,0,,4/27/2016
14,1,defaultGroupID,Desert Studies,-1,1,0,1000,3609,12:47:15,12:47:20,0,,4/27/2016
15,1,defaultGroupID,Desert Studies,-1,1,0,1000,3428,12:47:20,12:47:24,0,,4/27/2016
16,1,defaultGroupID,Desert Studies,-1,0,0,1000,4962,12:47:24,12:47:30,0,,4/27/2016
17,1,defaultGroupID,Desert Studies,-1,1,0,1000,3521,12:47:30,12:47:35,0,,4/27/2016
18,1,defaultGroupID,Desert Studies,-1,1,0,1000,4584,12:47:35,12:47:40,0,,4/27/2016
19,1,defaultGroupID,Desert Studies,-1,1,0,1000,4597,12:47:40,12:47:46,0,,4/27/2016
20,1,defaultGroupID,Desert Studies,-1,1,0,1000,4401,12:47:46,12:47:51,0,,4/27/2016
21,1,defaultGroupID,Desert Studies,-1,1,0,1000,3015,12:47:51,12:47:55,0,,4/27/2016
22,1,defaultGroupID,Desert Studies,-1,1,0,1000,3496,12:47:55,12:48:0,0,,4/27/2016
23,1,defaultGroupID,Desert Studies,-1,1,0,1000,3928,12:48:0,12:48:5,0,,4/27/2016
24,1,defaultGroupID,Desert Studies,-1,1,0,1000,4331,12:48:5,12:48:10,0,,4/27/2016
25,1,defaultGroupID,Desert Studies,-1,1,0,1000,3099,12:48:10,12:48:14,0,,4/27/2016
26,1,defaultGroupID,Desert Studies,-1,1,0,1000,3425,12:48:14,12:48:19,0,,4/27/2016
27,1,defaultGroupID,Desert Studies,-1,1,0,1000,3295,12:48:19,12:48:23,0,,4/27/2016
28,1,defaultGroupID,Desert Studies,-1,1,0,1000,3594,12:48:23,12:48:28,0,,4/27/2016
29,1,defaultGroupID,Desert Studies,-1,0,0,1000,3520,12:48:28,12:48:32,0,,4/27/2016
30,1,defaultGroupID,Desert Studies,-1,1,0,1000,3046,12:48:32,12:48:36,0,,4/27/2016
31,1,defaultGroupID,Desert Studies,-1,1,0,1000,4842,12:48:36,12:48:42,0,,4/27/2016
32,1,defaultGroupID,Desert Studies,-1,1,0,1000,3670,12:48:42,12:48:47,0,,4/27/2016
33,1,defaultGroupID,Desert Studies,-1,0,0,1000,3455,12:48:47,12:48:51,0,,4/27/2016
34,1,defaultGroupID,Desert Studies,-1,1,0,1000,3517,12:48:51,12:48:56,0,,4/27/2016
35,1,defaultGroupID,Desert Studies,-1,0,0,1000,4126,12:48:56,12:49:1,0,,4/27/2016
36,1,defaultGroupID,Desert Studies,-1,0,0,1000,4132,12:49:1,12:49:6,0,,4/27/2016
37,1,defaultGroupID,Desert Studies,-1,1,0,1000,3759,12:49:6,12:49:11,0,,4/27/2016
38,1,defaultGroupID,Desert Studies,-1,1,0,1000,3840,12:49:11,12:49:15,0,,4/27/2016
39,1,defaultGroupID,Desert Studies,-1,1,0,1000,3592,12:49:15,12:49:20,0,,4/27/2016
40,1,defaultGroupID,Desert Studies,-1,1,0,1000,3888,12:49:20,12:49:25,0,,4/27/2016
41,1,defaultGroupID,Desert Studies,-1,1,0,1000,3999,12:49:25,12:49:30,0,,4/27/2016
42,1,defaultGroupID,Desert Studies,-1,1,0,1000,3938,12:49:30,12:49:35,0,,4/27/2016
43,1,defaultGroupID,Desert Studies,-1,1,0,1000,4395,12:49:35,12:49:40,0,,4/27/2016
44,1,defaultGroupID,Desert Studies,-1,1,0,1000,3078,12:49:40,12:49:44,0,,4/27/2016
45,1,defaultGroupID,Desert Studies,-1,1,0,1000,3397,12:49:44,12:49:49,0,,4/27/2016
46,1,defaultGroupID,Desert Studies,-1,1,0,1000,3536,12:49:49,12:49:53,0,,4/27/2016
47,1,defaultGroupID,Desert Studies,-1,1,0,1000,4831,12:49:53,12:49:59,0,,4/27/2016
48,1,defaultGroupID,Desert Studies,-1,1,0,1000,4020,12:49:59,12:50:4,0,,4/27/2016
49,1,defaultGroupID,Desert Studies,-1,0,0,1000,4846,12:50:4,12:50:10,0,,4/27/2016
50,1,defaultGroupID,Desert Studies,-1,1,0,1000,4978,12:50:10,12:50:16,0,,4/27/2016
51,1,defaultGroupID,Desert Studies,-1,1,0,1000,3525,12:50:16,12:50:20,0,,4/27/2016
52,1,defaultGroupID,Desert Studies,-1,1,0,1000,3843,12:50:20,12:50:25,0,,4/27/2016
53,1,defaultGroupID,Desert Studies,-1,1,0,1000,3554,12:50:25,12:50:30,0,,4/27/2016
54,1,defaultGroupID,Desert Studies,-1,1,0,1000,4653,12:50:30,12:50:35,0,,4/27/2016
55,1,defaultGroupID,Desert Studies,-1,1,0,1000,3427,12:50:35,12:50:40,0,,4/27/2016
56,1,defaultGroupID,Desert Studies,-1,1,0,1000,3916,12:50:40,12:50:45,0,,4/27/2016
57,1,defaultGroupID,Desert Studies,-1,0,0,1000,4826,12:50:45,12:50:51,0,,4/27/2016
58,1,defaultGroupID,Desert Studies,-1,1,0,1000,4254,12:50:51,12:50:56,0,,4/27/2016
59,1,defaultGroupID,Desert Studies,-1,1,0,1000,4150,12:50:56,12:51:1,0,,4/27/2016
60,1,defaultGroupID,Desert Studies,-1,1,0,1000,4150,12:51:1,12:51:6,0,,4/27/2016
61,1,defaultGroupID,Desert Studies,-1,1,0,1000,4292,12:51:6,12:51:11,0,,4/27/2016
62,1,defaultGroupID,Desert Studies,-1,1,0,1000,3785,12:51:11,12:51:16,0,,4/27/2016
63,1,defaultGroupID,Desert Studies,-1,1,0,1000,3851,12:51:16,12:51:21,0,,4/27/2016
64,1,defaultGroupID,Desert Studies,-1,1,0,1000,4229,12:51:21,12:51:26,0,,4/27/2016
65,1,defaultGroupID,Desert Studies,-1,1,0,1000,4080,12:51:26,12:51:31,0,,4/27/2016
66,1,defaultGroupID,Desert Studies,-1,1,0,1000,4384,12:51:31,12:51:37,0,,4/27/2016
67,1,defaultGroupID,Desert Studies,-1,1,0,1000,4855,12:51:37,12:51:43,0,,4/27/2016
68,1,defaultGroupID,Desert Studies,-1,0,0,1000,4221,12:51:43,12:51:48,0,,4/27/2016
69,1,defaultGroupID,Desert Studies,-1,0,0,1000,4324,12:51:48,12:51:53,0,,4/27/2016
70,1,defaultGroupID,Desert Studies,-1,1,0,1000,4355,12:51:53,12:51:59,0,,4/27/2016
71,1,defaultGroupID,Desert Studies,-1,1,0,1000,4310,12:51:59,12:52:4,0,,4/27/2016
72,1,defaultGroupID,Desert Studies,-1,0,0,1000,3375,12:52:4,12:52:8,0,,4/27/2016
73,1,defaultGroupID,Desert Studies,-1,0,0,1000,3534,12:52:8,12:52:13,0,,4/27/2016
74,1,defaultGroupID,Desert Studies,-1,1,0,1000,3278,12:52:13,12:52:17,0,,4/27/2016
75,1,defaultGroupID,Desert Studies,-1,1,0,1000,3331,12:52:17,12:52:21,0,,4/27/2016
76,1,defaultGroupID,Desert Studies,-1,0,0,1000,4140,12:52:21,12:52:27,0,,4/27/2016
77,1,defaultGroupID,Desert Studies,-1,1,0,1000,3931,12:52:27,12:52:31,0,,4/27/2016
78,1,defaultGroupID,Desert Studies,-1,1,0,1000,3655,12:52:31,12:52:36,0,,4/27/2016
79,1,defaultGroupID,Desert Studies,-1,1,0,1000,4666,12:52:36,12:52:42,0,,4/27/2016
80,1,defaultGroupID,Desert Studies,-1,1,0,1000,3740,12:52:42,12:52:47,0,,4/27/2016
81,1,defaultGroupID,Desert Studies,-1,0,0,1000,3698,12:52:47,12:52:51,0,,4/27/2016
82,1,defaultGroupID,Desert Studies,-1,1,0,1000,4883,12:52:51,12:52:57,0,,4/27/2016
83,1,defaultGroupID,Desert Studies,-1,1,0,1000,4907,12:52:57,12:53:3,0,,4/27/2016
84,1,defaultGroupID,Desert Studies,-1,0,0,1000,3486,12:53:3,12:53:8,0,,4/27/2016
85,1,defaultGroupID,Desert Studies,-1,1,0,1000,4309,12:53:8,12:53:13,0,,4/27/2016
86,1,defaultGroupID,Desert Studies,-1,1,0,1000,4540,12:53:13,12:53:18,0,,4/27/2016
87,1,defaultGroupID,Desert Studies,-1,1,0,1000,3099,12:53:18,12:53:22,0,,4/27/2016
88,1,defaultGroupID,Desert Studies,-1,1,0,1000,3034,12:53:22,12:53:26,0,,4/27/2016
89,1,defaultGroupID,Desert Studies,-1,1,0,1000,3273,12:53:26,12:53:31,0,,4/27/2016
90,1,defaultGroupID,Desert Studies,-1,1,0,1000,4465,12:53:31,12:53:36,0,,4/27/2016
91,1,defaultGroupID,Desert Studies,-1,1,0,1000,3768,12:53:36,12:53:41,0,,4/27/2016
92,1,defaultGroupID,Desert Studies,-1,1,0,1000,3769,12:53:41,12:53:46,0,,4/27/2016
93,1,defaultGroupID,Desert Studies,-1,0,0,1000,3427,12:53:46,12:53:50,0,,4/27/2016
94,1,defaultGroupID,Desert Studies,-1,1,0,1000,4002,12:53:50,12:53:55,0,,4/27/2016
95,1,defaultGroupID,Desert Studies,-1,0,0,1000,3038,12:53:55,12:53:59,0,,4/27/2016
96,1,defaultGroupID,Desert Studies,-1,1,0,1000,4911,12:53:59,12:54:5,0,,4/27/2016
97,1,defaultGroupID,Desert Studies,-1,1,0,1000,3594,12:54:5,12:54:10,0,,4/27/2016
98,1,defaultGroupID,Desert Studies,-1,1,0,1000,4750,12:54:10,12:54:15,0,,4/27/2016
99,1,defaultGroupID,Desert Studies,-1,0,0,1000,4895,12:54:15,12:54:21,0,,4/27/2016
100,1,defaultGroupID,Desert Studies,-1,1,0,1000,4872,12:54:21,12:54:27,0,,4/27/2016
101,1,defaultGroupID,Desert Studies,-1,0,0,1000,3113,12:54:27,12:54:31,0,,4/27/2016
102,1,defaultGroupID,Desert Studies,-1,1,0,1000,4559,12:54:31,12:54:37,0,,4/27/2016
103,1,defaultGroupID,Desert Studies,-1,1,0,1000,3767,12:54:37,12:54:42,0,,4/27/2016
104,1,defaultGroupID,Desert Studies,-1,1,0,1000,4589,12:54:42,12:54:47,0,,4/27/2016
105,1,defaultGroupID,Desert Studies,-1,1,0,1000,4173,12:54:47,12:54:52,0,,4/27/2016
106,1,defaultGroupID,Desert Studies,-1,0,0,1000,4564,12:54:52,12:54:58,0,,4/27/2016
107,1,defaultGroupID,Desert Studies,-1,1,0,1000,3605,12:54:58,12:55:3,0,,4/27/2016
108,1,defaultGroupID,Desert Studies,-1,1,0,1000,3289,12:55:3,12:55:7,0,,4/27/2016
109,1,defaultGroupID,Desert Studies,-1,1,0,1000,4754,12:55:7,12:55:13,0,,4/27/2016
110,1,defaultGroupID,Desert Studies,-1,1,0,1000,4817,12:55:13,12:55:18,0,,4/27/2016
111,1,defaultGroupID,Desert Studies,-1,0,0,1000,3811,12:55:18,12:55:23,0,,4/27/2016
112,1,defaultGroupID,Desert Studies,-1,0,0,1000,3695,12:55:23,12:55:28,0,,4/27/2016
113,1,defaultGroupID,Desert Studies,-1,1,0,1000,3796,12:55:28,12:55:33,0,,4/27/2016
114,1,defaultGroupID,Desert Studies,-1,1,0,1000,3665,12:55:33,12:55:37,0,,4/27/2016
115,1,defaultGroupID,Desert Studies,-1,0,0,1000,3706,12:55:37,12:55:42,0,,4/27/2016
116,1,defaultGroupID,Desert Studies,-1,1,0,1000,3900,12:55:42,12:55:47,0,,4/27/2016
117,1,defaultGroupID,Desert Studies,-1,1,0,1000,4170,12:55:47,12:55:52,0,,4/27/2016
118,1,defaultGroupID,Desert Studies,-1,1,0,1000,3327,12:55:52,12:55:57,0,,4/27/2016
119,1,defaultGroupID,Desert Studies,-1,1,0,1000,3097,12:55:57,12:56:1,0,,4/27/2016
120,1,defaultGroupID,Desert Studies,-1,1,0,1000,4746,12:56:1,12:56:6,0,,4/27/2016
121,1,defaultGroupID,Desert Studies,-1,1,0,1000,3577,12:56:6,12:56:11,0,,4/27/2016
122,1,defaultGroupID,Desert Studies,-1,1,0,1000,4937,12:56:11,12:56:17,0,,4/27/2016
123,1,defaultGroupID,Desert Studies,-1,1,0,1000,3000,12:56:17,12:56:21,0,,4/27/2016
124,1,defaultGroupID,Desert Studies,-1,0,0,1000,4786,12:56:21,12:56:27,0,,4/27/2016
125,1,defaultGroupID,Desert Studies,-1,1,0,1000,3449,12:56:27,12:56:31,0,,4/27/2016
126,1,defaultGroupID,Desert Studies,-1,0,0,1000,4023,12:56:31,12:56:36,0,,4/27/2016
127,1,defaultGroupID,Desert Studies,-1,1,0,1000,3184,12:56:36,12:56:40,0,,4/27/2016
128,1,defaultGroupID,Desert Studies,-1,1,0,1000,4910,12:56:40,12:56:46,0,,4/27/2016
129,1,defaultGroupID,Desert Studies,-1,0,0,1000,4066,12:56:46,12:56:51,0,,4/27/2016
130,1,defaultGroupID,Desert Studies,-1,1,0,1000,4897,12:56:51,12:56:57,0,,4/27/2016
131,1,defaultGroupID,Desert Studies,-1,0,0,1000,4280,12:56:57,12:57:3,0,,4/27/2016
132,1,defaultGroupID,Desert Studies,-1,1,0,1000,4704,12:57:3,12:57:8,0,,4/27/2016
133,1,defaultGroupID,Desert Studies,-1,0,0,1000,3497,12:57:8,12:57:13,0,,4/27/2016
134,1,defaultGroupID,Desert Studies,-1,1,0,1000,4689,12:57:13,12:57:18,0,,4/27/2016
135,1,defaultGroupID,Desert Studies,-1,1,0,1000,4319,12:57:18,12:57:24,0,,4/27/2016
136,1,defaultGroupID,Desert Studies,-1,0,0,1000,4620,12:57:24,12:57:29,0,,4/27/2016
137,1,defaultGroupID,Desert Studies,-1,0,0,1000,3574,12:57:29,12:57:34,0,,4/27/2016
138,1,defaultGroupID,Desert Studies,-1,1,0,1000,4533,12:57:34,12:57:39,0,,4/27/2016
139,1,defaultGroupID,Desert Studies,-1,0,0,1000,4272,12:57:39,12:57:45,0,,4/27/2016
140,1,defaultGroupID,Desert Studies,-1,0,0,1000,3419,12:57:45,12:57:49,0,,4/27/2016
141,1,defaultGroupID,Desert Studies,-1,1,0,1000,4523,12:57:49,12:57:55,0,,4/27/2016
142,1,defaultGroupID,Desert Studies,-1,1,0,1000,3970,12:57:55,12:58:0,0,,4/27/2016
143,1,defaultGroupID,Desert Studies,-1,1,0,1000,4545,12:58:0,12:58:5,0,,4/27/2016
144,1,defaultGroupID,Desert Studies,-1,1,0,1000,3383,12:58:5,12:58:10,0,,4/27/2016
145,1,defaultGroupID,Desert Studies,-1,1,0,1000,4873,12:58:10,12:58:15,0,,4/27/2016
146,1,defaultGroupID,Desert Studies,-1,1,0,1000,3436,12:58:15,12:58:20,0,,4/27/2016
147,1,defaultGroupID,Desert Studies,-1,0,0,1000,3372,12:58:20,12:58:24,0,,4/27/2016
148,1,defaultGroupID,Desert Studies,-1,0,0,1000,3049,12:58:24,12:58:28,0,,4/27/2016
149,1,defaultGroupID,Desert Studies,-1,0,0,1000,4683,12:58:28,12:58:34,0,,4/27/2016
150,1,defaultGroupID,Desert Studies,-1,1,0,1000,4350,12:58:34,12:58:39,0,,4/27/2016
151,1,defaultGroupID,Desert Studies,-1,1,0,1000,3798,12:58:39,12:58:44,0,,4/27/2016
152,1,defaultGroupID,Desert Studies,-1,1,0,1000,3902,12:58:44,12:58:49,0,,4/27/2016
153,1,defaultGroupID,Desert Studies,-1,0,0,1000,3677,12:58:49,12:58:54,0,,4/27/2016
154,1,defaultGroupID,Desert Studies,-1,1,0,1000,4045,12:58:54,12:58:59,0,,4/27/2016
155,1,defaultGroupID,Desert Studies,-1,0,0,1000,3515,12:58:59,12:59:3,0,,4/27/2016
156,1,defaultGroupID,Desert Studies,-1,1,0,1000,3547,12:59:3,12:59:8,0,,4/27/2016
157,1,defaultGroupID,Desert Studies,-1,1,0,1000,4409,12:59:8,12:59:13,0,,4/27/2016
158,1,defaultGroupID,Desert Studies,-1,1,0,1000,4118,12:59:13,12:59:18,0,,4/27/2016
159,1,defaultGroupID,Desert Studies,-1,1,0,1000,4362,12:59:18,12:59:24,0,,4/27/2016
160,1,defaultGroupID,Desert Studies,-1,1,0,1000,4497,12:59:24,12:59:29,0,,4/27/2016
161,1,defaultGroupID,Desert Studies,-1,1,0,1000,4795,12:59:29,12:59:35,0,,4/27/2016
162,1,defaultGroupID,Desert Studies,-1,1,0,1000,3669,12:59:35,12:59:40,0,,4/27/2016
163,1,defaultGroupID,Desert Studies,-1,1,0,1000,4916,12:59:40,12:59:46,0,,4/27/2016
164,1,defaultGroupID,Desert Studies,-1,1,0,1000,4059,12:59:46,12:59:51,0,,4/27/2016
165,1,defaultGroupID,Desert Studies,-1,1,0,1000,4855,12:59:51,12:59:56,0,,4/27/2016
166,1,defaultGroupID,Desert Studies,-1,1,0,1000,3998,12:59:56,13:0:1,0,,4/27/2016
167,1,defaultGroupID,Desert Studies,-1,1,0,1000,3816,13:0:1,13:0:6,0,,4/27/2016
168,1,defaultGroupID,Desert Studies,-1,1,0,1000,3716,13:0:6,13:0:11,0,,4/27/2016
169,1,defaultGroupID,Desert Studies,-1,1,0,1000,4845,13:0:11,13:0:17,0,,4/27/2016
170,1,defaultGroupID,Desert Studies,-1,1,0,1000,4380,13:0:17,13:0:22,0,,4/27/2016
171,1,defaultGroupID,Desert Studies,-1,1,0,1000,4496,13:0:22,13:0:28,0,,4/27/2016
172,1,defaultGroupID,Desert Studies,-1,0,0,1000,4800,13:0:28,13:0:34,0,,4/27/2016
173,1,defaultGroupID,Desert Studies,-1,1,0,1000,3984,13:0:34,13:0:39,0,,4/27/2016
174,1,defaultGroupID,Desert Studies,-1,1,0,1000,3420,13:0:39,13:0:43,0,,4/27/2016
175,1,defaultGroupID,Desert Studies,-1,1,0,1000,4461,13:0:43,13:0:48,0,,4/27/2016
176,1,defaultGroupID,Desert Studies,-1,0,0,1000,3330,13:0:48,13:0:53,0,,4/27/2016
177,1,defaultGroupID,Desert Studies,-1,1,0,1000,3415,13:0:53,13:0:57,0,,4/27/2016
178,1,defaultGroupID,Desert Studies,-1,1,0,1000,4359,13:0:57,13:1:3,0,,4/27/2016
179,1,defaultGroupID,Desert Studies,-1,1,0,1000,4075,13:1:3,13:1:8,0,,4/27/2016
180,1,defaultGroupID,Desert Studies,-1,1,0,1000,3545,13:1:8,13:1:12,0,,4/27/2016
181,1,defaultGroupID,Desert Studies,-1,1,0,1000,3717,13:1:12,13:1:17,0,,4/27/2016
182,1,defaultGroupID,Desert Studies,-1,1,0,1000,3988,13:1:17,13:1:22,0,,4/27/2016
183,1,defaultGroupID,Desert Studies,-1,0,0,1000,3763,13:1:22,13:1:27,0,,4/27/2016
184,1,defaultGroupID,Desert Studies,-1,0,0,1000,3482,13:1:27,13:1:31,0,,4/27/2016
185,1,defaultGroupID,Desert Studies,-1,1,0,1000,4033,13:1:31,13:1:36,0,,4/27/2016
186,1,defaultGroupID,Desert Studies,-1,1,0,1000,4039,13:1:36,13:1:41,0,,4/27/2016
187,1,defaultGroupID,Desert Studies,-1,1,0,1000,3558,13:1:41,13:1:46,0,,4/27/2016
188,1,defaultGroupID,Desert Studies,-1,1,0,1000,4003,13:1:46,13:1:51,0,,4/27/2016
189,1,defaultGroupID,Desert Studies,2837,1,2,1000,3536,13:1:51,13:1:55,0,,4/27/2016
190,1,defaultGroupID,Desert Studies,-1,1,0,1000,3579,13:1:55,13:1:59,0,,4/27/2016
191,1,defaultGroupID,Desert Studies,1581,1,2,1000,3423,13:1:59,13:2:2,0,,4/27/2016
192,1,defaultGroupID,Desert Studies,4172,1,1,1000,4886,13:2:2,13:2:7,0,,4/27/2016
193,1,defaultGroupID,Desert Studies,3336,1,0,1000,3501,13:2:7,13:2:12,0,,4/27/2016
