UniqueID, BlockID, GroupID, ConfigName, Response Time, LED Red (1=Red 0=Green), pressCount, LEDOnTime, InterStimulusDuration, PCStartTime, PCEndTime, isPractice, keyDown, Date
1,0,defaultGroupID,Desert Study,-1,1,0,1000,4723,15:4:15,15:4:20,1,,4/7/2016
2,0,defaultGroupID,Desert Study,747,0,1,1000,4023,15:4:20,15:4:25,1,,4/7/2016
3,0,defaultGroupID,Desert Study,-1,1,0,1000,4601,15:4:25,15:4:31,1,,4/7/2016
4,0,defaultGroupID,Desert Study,-1,1,0,1000,3054,15:4:31,15:4:35,1,,4/7/2016
5,1,defaultGroupID,Desert Study,-1,1,0,1000,3176,15:5:1,15:5:5,0,,4/7/2016
6,1,defaultGroupID,Desert Study,1198,0,1,1000,4632,15:5:5,15:5:10,0,,4/7/2016
7,1,defaultGroupID,Desert Study,1181,0,1,1000,3521,15:5:10,15:5:15,0,,4/7/2016
8,1,defaultGroupID,Desert Study,1230,0,1,1000,3031,15:5:15,15:5:19,0,,4/7/2016
9,1,defaultGroupID,Desert Study,-1,1,0,1000,3728,15:5:19,15:5:24,0,,4/7/2016
10,1,defaultGroupID,Desert Study,-1,1,0,1000,3815,15:5:24,15:5:28,0,,4/7/2016
11,1,defaultGroupID,Desert Study,-1,1,0,1000,3130,15:5:28,15:5:33,0,,4/7/2016
12,1,defaultGroupID,Desert Study,998,0,1,1000,3511,15:5:33,15:5:37,0,,4/7/2016
13,1,defaultGroupID,Desert Study,-1,1,0,1000,4916,15:5:37,15:5:43,0,,4/7/2016
14,1,defaultGroupID,Desert Study,-1,1,0,1000,3917,15:5:43,15:5:48,0,,4/7/2016
15,1,defaultGroupID,Desert Study,-1,1,0,1000,4255,15:5:48,15:5:53,0,,4/7/2016
16,1,defaultGroupID,Desert Study,-1,1,0,1000,4861,15:5:53,15:5:59,0,,4/7/2016
17,1,defaultGroupID,Desert Study,-1,1,0,1000,4645,15:5:59,15:6:5,0,,4/7/2016
18,1,defaultGroupID,Desert Study,-1,1,0,1000,4607,15:6:5,15:6:10,0,,4/7/2016
19,1,defaultGroupID,Desert Study,751,0,1,1000,3695,15:6:10,15:6:15,0,,4/7/2016
20,1,defaultGroupID,Desert Study,527,0,1,1000,3969,15:6:15,15:6:19,0,,4/7/2016
21,1,defaultGroupID,Desert Study,-1,1,0,1000,3436,15:6:19,15:6:24,0,,4/7/2016
22,1,defaultGroupID,Desert Study,562,0,1,1000,4447,15:6:24,15:6:29,0,,4/7/2016
23,1,defaultGroupID,Desert Study,-1,1,0,1000,3125,15:6:29,15:6:33,0,,4/7/2016
24,1,defaultGroupID,Desert Study,-1,1,0,1000,3488,15:6:33,15:6:37,0,,4/7/2016
25,1,defaultGroupID,Desert Study,699,0,1,1000,3818,15:6:37,15:6:42,0,,4/7/2016
26,1,defaultGroupID,Desert Study,-1,1,0,1000,3738,15:6:42,15:6:46,0,,4/7/2016
27,1,defaultGroupID,Desert Study,-1,1,0,1000,3764,15:6:46,15:6:51,0,,4/7/2016
28,1,defaultGroupID,Desert Study,-1,1,0,1000,3073,15:6:51,15:6:55,0,,4/7/2016
29,1,defaultGroupID,Desert Study,-1,1,0,1000,4500,15:6:55,15:7:1,0,,4/7/2016
30,1,defaultGroupID,Desert Study,-1,1,0,1000,4673,15:7:1,15:7:7,0,,4/7/2016
31,1,defaultGroupID,Desert Study,-1,1,0,1000,3873,15:7:7,15:7:11,0,,4/7/2016
32,1,defaultGroupID,Desert Study,-1,1,0,1000,4705,15:7:11,15:7:17,0,,4/7/2016
33,1,defaultGroupID,Desert Study,-1,1,0,1000,4240,15:7:17,15:7:22,0,,4/7/2016
34,1,defaultGroupID,Desert Study,-1,1,0,1000,4076,15:7:22,15:7:27,0,,4/7/2016
35,1,defaultGroupID,Desert Study,-1,1,0,1000,3809,15:7:27,15:7:32,0,,4/7/2016
36,1,defaultGroupID,Desert Study,-1,1,0,1000,3212,15:7:32,15:7:36,0,,4/7/2016
37,1,defaultGroupID,Desert Study,-1,1,0,1000,3850,15:7:36,15:7:41,0,,4/7/2016
38,1,defaultGroupID,Desert Study,-1,1,0,1000,3335,15:7:41,15:7:46,0,,4/7/2016
39,1,defaultGroupID,Desert Study,-1,1,0,1000,3258,15:7:46,15:7:50,0,,4/7/2016
40,1,defaultGroupID,Desert Study,-1,1,0,1000,3325,15:7:50,15:7:54,0,,4/7/2016
41,1,defaultGroupID,Desert Study,-1,1,0,1000,3443,15:7:54,15:7:59,0,,4/7/2016
42,1,defaultGroupID,Desert Study,-1,1,0,1000,3123,15:7:59,15:8:3,0,,4/7/2016
43,1,defaultGroupID,Desert Study,-1,1,0,1000,4657,15:8:3,15:8:8,0,,4/7/2016
44,1,defaultGroupID,Desert Study,-1,1,0,1000,4416,15:8:8,15:8:14,0,,4/7/2016
45,1,defaultGroupID,Desert Study,-1,1,0,1000,3950,15:8:14,15:8:19,0,,4/7/2016
46,1,defaultGroupID,Desert Study,-1,1,0,1000,4427,15:8:19,15:8:24,0,,4/7/2016
47,1,defaultGroupID,Desert Study,-1,1,0,1000,3497,15:8:24,15:8:29,0,,4/7/2016
48,1,defaultGroupID,Desert Study,-1,1,0,1000,3460,15:8:29,15:8:33,0,,4/7/2016
49,1,defaultGroupID,Desert Study,-1,1,0,1000,3055,15:8:33,15:8:37,0,,4/7/2016
50,1,defaultGroupID,Desert Study,-1,1,0,1000,4776,15:8:37,15:8:43,0,,4/7/2016
51,1,defaultGroupID,Desert Study,-1,1,0,1000,3977,15:8:43,15:8:48,0,,4/7/2016
52,1,defaultGroupID,Desert Study,-1,1,0,1000,4168,15:8:48,15:8:53,0,,4/7/2016
53,1,defaultGroupID,Desert Study,-1,1,0,1000,4546,15:8:53,15:8:59,0,,4/7/2016
54,1,defaultGroupID,Desert Study,-1,1,0,1000,4232,15:8:59,15:9:4,0,,4/7/2016
55,1,defaultGroupID,Desert Study,-1,1,0,1000,4442,15:9:4,15:9:9,0,,4/7/2016
56,1,defaultGroupID,Desert Study,-1,1,0,1000,3627,15:9:9,15:9:14,0,,4/7/2016
57,1,defaultGroupID,Desert Study,-1,1,0,1000,4380,15:9:14,15:9:19,0,,4/7/2016
58,1,defaultGroupID,Desert Study,-1,1,0,1000,3975,15:9:19,15:9:24,0,,4/7/2016
59,1,defaultGroupID,Desert Study,577,0,1,1000,3170,15:9:24,15:9:28,0,,4/7/2016
60,1,defaultGroupID,Desert Study,-1,1,0,1000,4423,15:9:28,15:9:34,0,,4/7/2016
61,1,defaultGroupID,Desert Study,494,0,1,1000,4692,15:9:34,15:9:39,0,,4/7/2016
62,1,defaultGroupID,Desert Study,-1,1,0,1000,3096,15:9:39,15:9:43,0,,4/7/2016
63,1,defaultGroupID,Desert Study,-1,1,0,1000,4185,15:9:43,15:9:48,0,,4/7/2016
64,1,defaultGroupID,Desert Study,448,0,1,1000,4558,15:9:48,15:9:53,0,,4/7/2016
65,1,defaultGroupID,Desert Study,-1,1,0,1000,4143,15:9:53,15:9:58,0,,4/7/2016
66,1,defaultGroupID,Desert Study,-1,1,0,1000,3231,15:9:58,15:10:2,0,,4/7/2016
67,1,defaultGroupID,Desert Study,-1,1,0,1000,3907,15:10:2,15:10:7,0,,4/7/2016
68,1,defaultGroupID,Desert Study,-1,1,0,1000,3464,15:10:7,15:10:12,0,,4/7/2016
69,1,defaultGroupID,Desert Study,603,0,1,1000,3946,15:10:12,15:10:16,0,,4/7/2016
70,1,defaultGroupID,Desert Study,-1,1,0,1000,4513,15:10:16,15:10:22,0,,4/7/2016
71,1,defaultGroupID,Desert Study,-1,1,0,1000,3786,15:10:22,15:10:27,0,,4/7/2016
72,1,defaultGroupID,Desert Study,-1,1,0,1000,4364,15:10:27,15:10:32,0,,4/7/2016
73,1,defaultGroupID,Desert Study,-1,1,0,1000,3848,15:10:32,15:10:37,0,,4/7/2016
74,1,defaultGroupID,Desert Study,-1,1,0,1000,4991,15:10:37,15:10:43,0,,4/7/2016
75,1,defaultGroupID,Desert Study,-1,1,0,1000,3682,15:10:43,15:10:47,0,,4/7/2016
76,1,defaultGroupID,Desert Study,-1,1,0,1000,4422,15:10:47,15:10:53,0,,4/7/2016
77,1,defaultGroupID,Desert Study,-1,1,0,1000,3333,15:10:53,15:10:57,0,,4/7/2016
78,1,defaultGroupID,Desert Study,-1,1,0,1000,3353,15:10:57,15:11:2,0,,4/7/2016
79,1,defaultGroupID,Desert Study,-1,1,0,1000,3481,15:11:2,15:11:6,0,,4/7/2016
80,1,defaultGroupID,Desert Study,-1,1,0,1000,3107,15:11:6,15:11:10,0,,4/7/2016
81,1,defaultGroupID,Desert Study,-1,1,0,1000,4916,15:11:10,15:11:16,0,,4/7/2016
82,1,defaultGroupID,Desert Study,-1,1,0,1000,4160,15:11:16,15:11:21,0,,4/7/2016
83,1,defaultGroupID,Desert Study,-1,1,0,1000,3326,15:11:21,15:11:26,0,,4/7/2016
84,1,defaultGroupID,Desert Study,-1,1,0,1000,3318,15:11:26,15:11:30,0,,4/7/2016
85,1,defaultGroupID,Desert Study,615,0,1,1000,3798,15:11:30,15:11:34,0,,4/7/2016
86,1,defaultGroupID,Desert Study,-1,1,0,1000,4981,15:11:34,15:11:40,0,,4/7/2016
87,1,defaultGroupID,Desert Study,-1,1,0,1000,4070,15:11:40,15:11:45,0,,4/7/2016
88,1,defaultGroupID,Desert Study,-1,1,0,1000,3424,15:11:45,15:11:50,0,,4/7/2016
89,1,defaultGroupID,Desert Study,-1,1,0,1000,3327,15:11:50,15:11:54,0,,4/7/2016
90,1,defaultGroupID,Desert Study,501,0,1,1000,3183,15:11:54,15:11:58,0,,4/7/2016
91,1,defaultGroupID,Desert Study,-1,1,0,1000,4200,15:11:58,15:12:3,0,,4/7/2016
92,1,defaultGroupID,Desert Study,-1,1,0,1000,3266,15:12:3,15:12:7,0,,4/7/2016
93,1,defaultGroupID,Desert Study,-1,1,0,1000,4446,15:12:7,15:12:13,0,,4/7/2016
94,1,defaultGroupID,Desert Study,-1,1,0,1000,4114,15:12:13,15:12:18,0,,4/7/2016
95,1,defaultGroupID,Desert Study,-1,1,0,1000,4167,15:12:18,15:12:23,0,,4/7/2016
96,1,defaultGroupID,Desert Study,-1,1,0,1000,4794,15:12:23,15:12:29,0,,4/7/2016
97,1,defaultGroupID,Desert Study,-1,1,0,1000,3829,15:12:29,15:12:34,0,,4/7/2016
98,1,defaultGroupID,Desert Study,-1,1,0,1000,4055,15:12:34,15:12:39,0,,4/7/2016
99,1,defaultGroupID,Desert Study,-1,1,0,1000,4685,15:12:39,15:12:44,0,,4/7/2016
100,1,defaultGroupID,Desert Study,-1,1,0,1000,3755,15:12:44,15:12:49,0,,4/7/2016
101,1,defaultGroupID,Desert Study,-1,1,0,1000,3672,15:12:49,15:12:54,0,,4/7/2016
102,1,defaultGroupID,Desert Study,-1,1,0,1000,4668,15:12:54,15:12:59,0,,4/7/2016
103,1,defaultGroupID,Desert Study,-1,1,0,1000,4027,15:12:59,15:13:4,0,,4/7/2016
104,1,defaultGroupID,Desert Study,-1,1,0,1000,4589,15:13:4,15:13:10,0,,4/7/2016
105,1,defaultGroupID,Desert Study,-1,1,0,1000,3175,15:13:10,15:13:14,0,,4/7/2016
106,1,defaultGroupID,Desert Study,-1,1,0,1000,3797,15:13:14,15:13:19,0,,4/7/2016
107,1,defaultGroupID,Desert Study,-1,1,0,1000,4364,15:13:19,15:13:24,0,,4/7/2016
108,1,defaultGroupID,Desert Study,-1,1,0,1000,4092,15:13:24,15:13:29,0,,4/7/2016
109,1,defaultGroupID,Desert Study,-1,1,0,1000,3204,15:13:29,15:13:34,0,,4/7/2016
110,1,defaultGroupID,Desert Study,-1,1,0,1000,4100,15:13:34,15:13:39,0,,4/7/2016
111,1,defaultGroupID,Desert Study,-1,1,0,1000,4119,15:13:39,15:13:44,0,,4/7/2016
112,1,defaultGroupID,Desert Study,-1,1,0,1000,4769,15:13:44,15:13:50,0,,4/7/2016
113,1,defaultGroupID,Desert Study,-1,1,0,1000,3149,15:13:50,15:13:54,0,,4/7/2016
114,1,defaultGroupID,Desert Study,-1,1,0,1000,4422,15:13:54,15:13:59,0,,4/7/2016
115,1,defaultGroupID,Desert Study,-1,1,0,1000,3879,15:13:59,15:14:4,0,,4/7/2016
116,1,defaultGroupID,Desert Study,-1,1,0,1000,3509,15:14:4,15:14:9,0,,4/7/2016
117,1,defaultGroupID,Desert Study,447,0,1,1000,3314,15:14:9,15:14:13,0,,4/7/2016
118,1,defaultGroupID,Desert Study,-1,1,0,1000,4241,15:14:13,15:14:18,0,,4/7/2016
119,1,defaultGroupID,Desert Study,394,0,1,1000,3558,15:14:18,15:14:22,0,,4/7/2016
120,1,defaultGroupID,Desert Study,421,0,1,1000,4533,15:14:22,15:14:27,0,,4/7/2016
121,1,defaultGroupID,Desert Study,-1,1,0,1000,4020,15:14:27,15:14:32,0,,4/7/2016
122,1,defaultGroupID,Desert Study,-1,1,0,1000,3405,15:14:32,15:14:37,0,,4/7/2016
123,1,defaultGroupID,Desert Study,493,0,1,1000,3753,15:14:37,15:14:41,0,,4/7/2016
124,1,defaultGroupID,Desert Study,-1,1,0,1000,3215,15:14:41,15:14:45,0,,4/7/2016
125,1,defaultGroupID,Desert Study,-1,1,0,1000,3344,15:14:45,15:14:49,0,,4/7/2016
126,1,defaultGroupID,Desert Study,449,0,1,1000,4221,15:14:49,15:14:54,0,,4/7/2016
127,1,defaultGroupID,Desert Study,-1,1,0,1000,3476,15:14:54,15:14:58,0,,4/7/2016
128,1,defaultGroupID,Desert Study,-1,1,0,1000,3842,15:14:58,15:15:3,0,,4/7/2016
129,1,defaultGroupID,Desert Study,-1,1,0,1000,3448,15:15:3,15:15:8,0,,4/7/2016
130,1,defaultGroupID,Desert Study,466,0,2,1000,4358,15:15:8,15:15:13,0,,4/7/2016
131,1,defaultGroupID,Desert Study,647,0,1,1000,3046,15:15:13,15:15:17,0,,4/7/2016
132,1,defaultGroupID,Desert Study,-1,1,0,1000,3765,15:15:17,15:15:22,0,,4/7/2016
133,1,defaultGroupID,Desert Study,-1,1,0,1000,3872,15:15:22,15:15:26,0,,4/7/2016
134,1,defaultGroupID,Desert Study,-1,1,0,1000,3671,15:15:26,15:15:31,0,,4/7/2016
135,1,defaultGroupID,Desert Study,397,0,1,1000,3265,15:15:31,15:15:35,0,,4/7/2016
136,1,defaultGroupID,Desert Study,-1,1,0,1000,3622,15:15:35,15:15:39,0,,4/7/2016
137,1,defaultGroupID,Desert Study,-1,1,0,1000,3240,15:15:39,15:15:44,0,,4/7/2016
138,1,defaultGroupID,Desert Study,-1,1,0,1000,4604,15:15:44,15:15:49,0,,4/7/2016
139,1,defaultGroupID,Desert Study,339,0,2,1000,3550,15:15:49,15:15:54,0,,4/7/2016
140,1,defaultGroupID,Desert Study,-1,1,0,1000,3859,15:15:54,15:15:59,0,,4/7/2016
141,1,defaultGroupID,Desert Study,393,0,1,1000,3768,15:15:59,15:16:3,0,,4/7/2016
142,1,defaultGroupID,Desert Study,424,0,1,1000,3570,15:16:3,15:16:7,0,,4/7/2016
143,1,defaultGroupID,Desert Study,-1,1,0,1000,4408,15:16:7,15:16:12,0,,4/7/2016
144,1,defaultGroupID,Desert Study,-1,1,0,1000,4027,15:16:12,15:16:17,0,,4/7/2016
145,1,defaultGroupID,Desert Study,-1,1,0,1000,3069,15:16:17,15:16:21,0,,4/7/2016
146,1,defaultGroupID,Desert Study,-1,1,0,1000,4779,15:16:21,15:16:27,0,,4/7/2016
147,1,defaultGroupID,Desert Study,412,0,1,1000,4657,15:16:27,15:16:32,0,,4/7/2016
148,1,defaultGroupID,Desert Study,-1,1,0,1000,3143,15:16:32,15:16:36,0,,4/7/2016
149,1,defaultGroupID,Desert Study,-1,1,0,1000,3216,15:16:36,15:16:40,0,,4/7/2016
150,1,defaultGroupID,Desert Study,-1,1,0,1000,3149,15:16:40,15:16:45,0,,4/7/2016
151,1,defaultGroupID,Desert Study,460,0,1,1000,4574,15:16:45,15:16:50,0,,4/7/2016
152,1,defaultGroupID,Desert Study,319,0,1,1000,4638,15:16:50,15:16:55,0,,4/7/2016
153,1,defaultGroupID,Desert Study,-1,1,0,1000,4111,15:16:55,15:17:0,0,,4/7/2016
154,1,defaultGroupID,Desert Study,-1,1,0,1000,4622,15:17:0,15:17:5,0,,4/7/2016
155,1,defaultGroupID,Desert Study,-1,1,0,1000,3420,15:17:5,15:17:10,0,,4/7/2016
156,1,defaultGroupID,Desert Study,-1,1,0,1000,3086,15:17:10,15:17:14,0,,4/7/2016
157,1,defaultGroupID,Desert Study,-1,1,0,1000,3665,15:17:14,15:17:18,0,,4/7/2016
158,1,defaultGroupID,Desert Study,-1,1,0,1000,3329,15:17:18,15:17:23,0,,4/7/2016
159,1,defaultGroupID,Desert Study,453,0,1,1000,3111,15:17:23,15:17:26,0,,4/7/2016
160,1,defaultGroupID,Desert Study,-1,1,0,1000,4205,15:17:26,15:17:32,0,,4/7/2016
161,1,defaultGroupID,Desert Study,-1,1,0,1000,4086,15:17:32,15:17:37,0,,4/7/2016
162,1,defaultGroupID,Desert Study,478,0,1,1000,4499,15:17:37,15:17:42,0,,4/7/2016
163,1,defaultGroupID,Desert Study,541,0,1,1000,4428,15:17:42,15:17:47,0,,4/7/2016
164,1,defaultGroupID,Desert Study,414,0,1,1000,3320,15:17:47,15:17:50,0,,4/7/2016
165,1,defaultGroupID,Desert Study,-1,1,0,1000,4552,15:17:50,15:17:56,0,,4/7/2016
166,1,defaultGroupID,Desert Study,-1,1,0,1000,4709,15:17:56,15:18:2,0,,4/7/2016
167,1,defaultGroupID,Desert Study,-1,1,0,1000,3842,15:18:2,15:18:6,0,,4/7/2016
168,1,defaultGroupID,Desert Study,-1,1,0,1000,3955,15:18:6,15:18:11,0,,4/7/2016
169,1,defaultGroupID,Desert Study,476,0,1,1000,3777,15:18:11,15:18:16,0,,4/7/2016
170,1,defaultGroupID,Desert Study,-1,1,0,1000,4084,15:18:16,15:18:21,0,,4/7/2016
171,1,defaultGroupID,Desert Study,359,0,1,1000,4091,15:18:21,15:18:25,0,,4/7/2016
172,1,defaultGroupID,Desert Study,-1,1,0,1000,3416,15:18:25,15:18:30,0,,4/7/2016
173,1,defaultGroupID,Desert Study,-1,1,0,1000,3294,15:18:30,15:18:34,0,,4/7/2016
174,1,defaultGroupID,Desert Study,-1,1,0,1000,3691,15:18:34,15:18:39,0,,4/7/2016
175,1,defaultGroupID,Desert Study,-1,1,0,1000,4729,15:18:39,15:18:44,0,,4/7/2016
176,1,defaultGroupID,Desert Study,-1,1,0,1000,4615,15:18:44,15:18:50,0,,4/7/2016
177,1,defaultGroupID,Desert Study,-1,1,0,1000,3781,15:18:50,15:18:55,0,,4/7/2016
178,1,defaultGroupID,Desert Study,-1,1,0,1000,3283,15:18:55,15:18:59,0,,4/7/2016
179,1,defaultGroupID,Desert Study,-1,1,0,1000,4976,15:18:59,15:19:5,0,,4/7/2016
180,1,defaultGroupID,Desert Study,-1,1,0,1000,4300,15:19:5,15:19:10,0,,4/7/2016
181,1,defaultGroupID,Desert Study,-1,1,0,1000,4600,15:19:10,15:19:16,0,,4/7/2016
182,1,defaultGroupID,Desert Study,-1,1,0,1000,3401,15:19:16,15:19:20,0,,4/7/2016
183,1,defaultGroupID,Desert Study,396,0,1,1000,4452,15:19:20,15:19:25,0,,4/7/2016
184,1,defaultGroupID,Desert Study,-1,1,0,1000,4720,15:19:25,15:19:31,0,,4/7/2016
185,1,defaultGroupID,Desert Study,-1,1,0,1000,4405,15:19:31,15:19:36,0,,4/7/2016
186,1,defaultGroupID,Desert Study,-1,1,0,1000,4269,15:19:36,15:19:41,0,,4/7/2016
187,1,defaultGroupID,Desert Study,-1,1,0,1000,4718,15:19:41,15:19:47,0,,4/7/2016
188,1,defaultGroupID,Desert Study,-1,1,0,1000,4888,15:19:47,15:19:53,0,,4/7/2016
189,1,defaultGroupID,Desert Study,-1,1,0,1000,4492,15:19:53,15:19:59,0,,4/7/2016
190,1,defaultGroupID,Desert Study,-1,1,0,1000,3199,15:19:59,15:20:3,0,,4/7/2016
191,1,defaultGroupID,Desert Study,-1,1,0,1000,3688,15:20:3,15:20:7,0,,4/7/2016
192,1,defaultGroupID,Desert Study,-1,1,0,1000,4180,15:20:7,15:20:13,0,,4/7/2016
193,1,defaultGroupID,Desert Study,-1,1,0,1000,4811,15:20:13,15:20:18,0,,4/7/2016
194,1,defaultGroupID,Desert Study,-1,1,0,1000,4337,15:20:18,15:20:24,0,,4/7/2016
195,1,defaultGroupID,Desert Study,489,0,1,1000,4632,15:20:24,15:20:29,0,,4/7/2016
196,1,defaultGroupID,Desert Study,-1,1,0,1000,3080,15:20:29,15:20:33,0,,4/7/2016
197,1,defaultGroupID,Desert Study,-1,1,0,1000,3601,15:20:33,15:20:38,0,,4/7/2016
198,1,defaultGroupID,Desert Study,-1,1,0,1000,3931,15:20:38,15:20:42,0,,4/7/2016
199,1,defaultGroupID,Desert Study,-1,1,0,1000,4302,15:20:42,15:20:48,0,,4/7/2016
200,1,defaultGroupID,Desert Study,-1,1,0,1000,4699,15:20:48,15:20:53,0,,4/7/2016
201,1,defaultGroupID,Desert Study,627,0,1,1000,4087,15:20:53,15:20:58,0,,4/7/2016
202,1,defaultGroupID,Desert Study,-1,1,0,1000,4074,15:20:58,15:21:3,0,,4/7/2016
203,1,defaultGroupID,Desert Study,-1,1,0,1000,3640,15:21:3,15:21:8,0,,4/7/2016
204,1,defaultGroupID,Desert Study,-1,1,0,1000,3642,15:21:8,15:21:13,0,,4/7/2016
