UniqueID, BlockID, GroupID, ConfigName, Response Time, LED Red (1=Red 0=Green), pressCount, LEDOnTime, InterStimulusDuration, PCStartTime, PCEndTime, isPractice, keyDown, Date
1,0,defaultGroupID,Desert Study,-1,1,0,1000,4215,11:55:56,11:56:1,1,,4/8/2016
2,0,defaultGroupID,Desert Study,-1,1,0,1000,3593,11:56:1,11:56:5,1,,4/8/2016
3,0,defaultGroupID,Desert Study,-1,1,0,1000,4357,11:56:5,11:56:11,1,,4/8/2016
4,0,defaultGroupID,Desert Study,-1,1,0,1000,3573,11:56:11,11:56:15,1,,4/8/2016
5,0,defaultGroupID,Desert Study,-1,1,0,1000,4437,11:56:15,11:56:21,1,,4/8/2016
6,0,defaultGroupID,Desert Study,-1,1,0,1000,4916,11:56:21,11:56:27,1,,4/8/2016
7,0,defaultGroupID,Desert Study,-1,1,0,1000,4819,11:56:27,11:56:32,1,,4/8/2016
8,0,defaultGroupID,Desert Study,-1,1,0,1000,3714,11:56:32,11:56:37,1,,4/8/2016
9,0,defaultGroupID,Desert Study,-1,1,0,1000,4283,11:56:37,11:56:42,1,,4/8/2016
10,0,defaultGroupID,Desert Study,-1,1,0,1000,4588,11:56:42,11:56:48,1,,4/8/2016
11,0,defaultGroupID,Desert Study,-1,1,0,1000,4208,11:56:48,11:56:53,1,,4/8/2016
12,0,defaultGroupID,Desert Study,-1,1,0,1000,3810,11:56:53,11:56:58,1,,4/8/2016
13,0,defaultGroupID,Desert Study,-1,1,0,1000,4078,11:56:58,11:57:3,1,,4/8/2016
14,0,defaultGroupID,Desert Study,-1,1,0,1000,4618,11:57:3,11:57:9,1,,4/8/2016
15,0,defaultGroupID,Desert Study,-1,1,0,1000,4333,11:57:9,11:57:14,1,,4/8/2016
16,0,defaultGroupID,Desert Study,-1,1,0,1000,3422,11:57:14,11:57:18,1,,4/8/2016
17,0,defaultGroupID,Desert Study,-1,1,0,1000,4606,11:57:18,11:57:24,1,,4/8/2016
18,0,defaultGroupID,Desert Study,-1,1,0,1000,4004,11:57:24,11:57:29,1,,4/8/2016
19,0,defaultGroupID,Desert Study,-1,1,0,1000,4180,11:57:29,11:57:34,1,,4/8/2016
20,0,defaultGroupID,Desert Study,-1,1,0,1000,3487,11:57:34,11:57:39,1,,4/8/2016
21,0,defaultGroupID,Desert Study,-1,1,0,1000,3338,11:57:39,11:57:43,1,,4/8/2016
22,0,defaultGroupID,Desert Study,-1,1,0,1000,3383,11:57:43,11:57:47,1,,4/8/2016
23,0,defaultGroupID,Desert Study,-1,1,0,1000,3377,11:57:47,11:57:52,1,,4/8/2016
24,0,defaultGroupID,Desert Study,-1,1,0,1000,3326,11:57:52,11:57:56,1,,4/8/2016
25,0,defaultGroupID,Desert Study,576,0,1,1000,4985,11:57:56,11:58:2,1,,4/8/2016
26,0,defaultGroupID,Desert Study,-1,1,0,1000,4635,11:58:2,11:58:7,1,,4/8/2016
27,0,defaultGroupID,Desert Study,-1,1,0,1000,3063,11:58:7,11:58:11,1,,4/8/2016
28,0,defaultGroupID,Desert Study,-1,1,0,1000,4443,11:58:11,11:58:17,1,,4/8/2016
29,0,defaultGroupID,Desert Study,-1,1,0,1000,4672,11:58:17,11:58:23,1,,4/8/2016
30,1,defaultGroupID,Desert Study,-1,1,0,1000,3956,11:58:41,11:58:45,0,,4/8/2016
31,1,defaultGroupID,Desert Study,584,0,1,1000,4803,11:58:45,11:58:51,0,,4/8/2016
32,1,defaultGroupID,Desert Study,410,0,1,1000,3215,11:58:51,11:58:54,0,,4/8/2016
33,1,defaultGroupID,Desert Study,-1,1,0,1000,4502,11:58:54,11:59:0,0,,4/8/2016
34,1,defaultGroupID,Desert Study,-1,1,0,1000,4313,11:59:0,11:59:5,0,,4/8/2016
35,1,defaultGroupID,Desert Study,-1,1,0,1000,4975,11:59:5,11:59:11,0,,4/8/2016
36,1,defaultGroupID,Desert Study,-1,1,0,1000,4652,11:59:11,11:59:17,0,,4/8/2016
37,1,defaultGroupID,Desert Study,-1,1,0,1000,4157,11:59:17,11:59:22,0,,4/8/2016
38,1,defaultGroupID,Desert Study,-1,1,0,1000,3013,11:59:22,11:59:26,0,,4/8/2016
39,1,defaultGroupID,Desert Study,-1,1,0,1000,4736,11:59:26,11:59:32,0,,4/8/2016
40,1,defaultGroupID,Desert Study,275,0,1,1000,3882,11:59:32,11:59:36,0,,4/8/2016
41,1,defaultGroupID,Desert Study,409,0,1,1000,4210,11:59:36,11:59:41,0,,4/8/2016
42,1,defaultGroupID,Desert Study,-1,1,0,1000,3172,11:59:41,11:59:45,0,,4/8/2016
43,1,defaultGroupID,Desert Study,-1,1,0,1000,4344,11:59:45,11:59:50,0,,4/8/2016
44,1,defaultGroupID,Desert Study,-1,1,0,1000,3048,11:59:50,11:59:54,0,,4/8/2016
45,1,defaultGroupID,Desert Study,-1,1,0,1000,3130,11:59:54,11:59:58,0,,4/8/2016
46,1,defaultGroupID,Desert Study,-1,1,0,1000,3675,11:59:58,12:0:3,0,,4/8/2016
47,1,defaultGroupID,Desert Study,-1,1,0,1000,4380,12:0:3,12:0:8,0,,4/8/2016
48,1,defaultGroupID,Desert Study,-1,1,0,1000,3421,12:0:8,12:0:13,0,,4/8/2016
49,1,defaultGroupID,Desert Study,-1,1,0,1000,3418,12:0:13,12:0:17,0,,4/8/2016
50,1,defaultGroupID,Desert Study,-1,1,0,1000,3930,12:0:17,12:0:22,0,,4/8/2016
51,1,defaultGroupID,Desert Study,-1,1,0,1000,4882,12:0:22,12:0:28,0,,4/8/2016
52,1,defaultGroupID,Desert Study,-1,1,0,1000,3131,12:0:28,12:0:32,0,,4/8/2016
53,1,defaultGroupID,Desert Study,-1,1,0,1000,3753,12:0:32,12:0:37,0,,4/8/2016
54,1,defaultGroupID,Desert Study,213,0,1,1000,4661,12:0:37,12:0:42,0,,4/8/2016
55,1,defaultGroupID,Desert Study,-1,1,0,1000,4154,12:0:42,12:0:47,0,,4/8/2016
56,1,defaultGroupID,Desert Study,358,0,1,1000,3599,12:0:47,12:0:51,0,,4/8/2016
57,1,defaultGroupID,Desert Study,-1,1,0,1000,3197,12:0:51,12:0:55,0,,4/8/2016
58,1,defaultGroupID,Desert Study,-1,1,0,1000,4302,12:0:55,12:1:0,0,,4/8/2016
59,1,defaultGroupID,Desert Study,-1,1,0,1000,4657,12:1:0,12:1:6,0,,4/8/2016
60,1,defaultGroupID,Desert Study,-1,1,0,1000,4150,12:1:6,12:1:11,0,,4/8/2016
61,1,defaultGroupID,Desert Study,293,0,1,1000,3089,12:1:11,12:1:15,0,,4/8/2016
62,1,defaultGroupID,Desert Study,-1,1,0,1000,3720,12:1:15,12:1:19,0,,4/8/2016
63,1,defaultGroupID,Desert Study,-1,1,0,1000,4299,12:1:19,12:1:25,0,,4/8/2016
64,1,defaultGroupID,Desert Study,-1,1,0,1000,4305,12:1:25,12:1:30,0,,4/8/2016
65,1,defaultGroupID,Desert Study,286,0,1,1000,3570,12:1:30,12:1:34,0,,4/8/2016
66,1,defaultGroupID,Desert Study,-1,1,0,1000,3611,12:1:34,12:1:38,0,,4/8/2016
67,1,defaultGroupID,Desert Study,-1,1,0,1000,3172,12:1:38,12:1:43,0,,4/8/2016
68,1,defaultGroupID,Desert Study,-1,1,0,1000,4782,12:1:43,12:1:48,0,,4/8/2016
69,1,defaultGroupID,Desert Study,240,0,1,1000,4709,12:1:48,12:1:53,0,,4/8/2016
70,1,defaultGroupID,Desert Study,-1,1,0,1000,4851,12:1:53,12:1:59,0,,4/8/2016
71,1,defaultGroupID,Desert Study,-1,1,0,1000,4133,12:1:59,12:2:4,0,,4/8/2016
72,1,defaultGroupID,Desert Study,257,0,1,1000,4833,12:2:4,12:2:9,0,,4/8/2016
73,1,defaultGroupID,Desert Study,-1,1,0,1000,3032,12:2:9,12:2:13,0,,4/8/2016
74,1,defaultGroupID,Desert Study,-1,1,0,1000,3304,12:2:13,12:2:18,0,,4/8/2016
75,1,defaultGroupID,Desert Study,-1,1,0,1000,3227,12:2:18,12:2:22,0,,4/8/2016
76,1,defaultGroupID,Desert Study,235,0,1,1000,4881,12:2:22,12:2:27,0,,4/8/2016
77,1,defaultGroupID,Desert Study,-1,1,0,1000,4192,12:2:27,12:2:32,0,,4/8/2016
78,1,defaultGroupID,Desert Study,-1,1,0,1000,4708,12:2:32,12:2:38,0,,4/8/2016
79,1,defaultGroupID,Desert Study,-1,1,0,1000,3521,12:2:38,12:2:42,0,,4/8/2016
80,1,defaultGroupID,Desert Study,-1,1,0,1000,4790,12:2:42,12:2:48,0,,4/8/2016
81,1,defaultGroupID,Desert Study,323,0,2,1000,4843,12:2:48,12:2:54,0,,4/8/2016
82,1,defaultGroupID,Desert Study,-1,1,0,1000,4208,12:2:54,12:2:59,0,,4/8/2016
83,1,defaultGroupID,Desert Study,301,0,1,1000,4497,12:2:59,12:3:4,0,,4/8/2016
84,1,defaultGroupID,Desert Study,-1,1,0,1000,3223,12:3:4,12:3:8,0,,4/8/2016
85,1,defaultGroupID,Desert Study,-1,1,0,1000,3733,12:3:8,12:3:13,0,,4/8/2016
86,1,defaultGroupID,Desert Study,316,0,1,1000,4748,12:3:13,12:3:18,0,,4/8/2016
87,1,defaultGroupID,Desert Study,-1,1,0,1000,4778,12:3:18,12:3:24,0,,4/8/2016
88,1,defaultGroupID,Desert Study,-1,1,0,1000,3154,12:3:24,12:3:28,0,,4/8/2016
89,1,defaultGroupID,Desert Study,-1,1,0,1000,3679,12:3:28,12:3:33,0,,4/8/2016
90,1,defaultGroupID,Desert Study,-1,1,0,1000,3367,12:3:33,12:3:37,0,,4/8/2016
91,1,defaultGroupID,Desert Study,-1,1,0,1000,4315,12:3:37,12:3:42,0,,4/8/2016
92,1,defaultGroupID,Desert Study,-1,1,0,1000,4909,12:3:42,12:3:48,0,,4/8/2016
93,1,defaultGroupID,Desert Study,-1,1,0,1000,4218,12:3:48,12:3:53,0,,4/8/2016
94,1,defaultGroupID,Desert Study,-1,1,0,1000,3195,12:3:53,12:3:58,0,,4/8/2016
95,1,defaultGroupID,Desert Study,-1,1,0,1000,4720,12:3:58,12:4:3,0,,4/8/2016
96,1,defaultGroupID,Desert Study,211,0,1,1000,3349,12:4:3,12:4:7,0,,4/8/2016
97,1,defaultGroupID,Desert Study,-1,1,0,1000,4146,12:4:7,12:4:12,0,,4/8/2016
98,1,defaultGroupID,Desert Study,-1,1,0,1000,4129,12:4:12,12:4:17,0,,4/8/2016
99,1,defaultGroupID,Desert Study,-1,1,0,1000,4635,12:4:17,12:4:23,0,,4/8/2016
100,1,defaultGroupID,Desert Study,-1,1,0,1000,3053,12:4:23,12:4:27,0,,4/8/2016
101,1,defaultGroupID,Desert Study,310,0,1,1000,4598,12:4:27,12:4:32,0,,4/8/2016
102,1,defaultGroupID,Desert Study,-1,1,0,1000,3068,12:4:32,12:4:36,0,,4/8/2016
103,1,defaultGroupID,Desert Study,-1,1,0,1000,4376,12:4:36,12:4:41,0,,4/8/2016
104,1,defaultGroupID,Desert Study,-1,1,0,1000,4931,12:4:41,12:4:47,0,,4/8/2016
105,1,defaultGroupID,Desert Study,-1,1,0,1000,3707,12:4:47,12:4:52,0,,4/8/2016
106,1,defaultGroupID,Desert Study,216,0,1,1000,3026,12:4:52,12:4:55,0,,4/8/2016
107,1,defaultGroupID,Desert Study,-1,1,0,1000,4873,12:4:55,12:5:1,0,,4/8/2016
108,1,defaultGroupID,Desert Study,-1,1,0,1000,4237,12:5:1,12:5:6,0,,4/8/2016
109,1,defaultGroupID,Desert Study,237,0,1,1000,4786,12:5:6,12:5:11,0,,4/8/2016
110,1,defaultGroupID,Desert Study,480,0,1,1000,4575,12:5:11,12:5:16,0,,4/8/2016
111,1,defaultGroupID,Desert Study,-1,1,0,1000,4406,12:5:16,12:5:22,0,,4/8/2016
112,1,defaultGroupID,Desert Study,-1,1,0,1000,4678,12:5:22,12:5:27,0,,4/8/2016
113,1,defaultGroupID,Desert Study,-1,1,0,1000,4641,12:5:27,12:5:33,0,,4/8/2016
114,1,defaultGroupID,Desert Study,-1,1,0,1000,4248,12:5:33,12:5:38,0,,4/8/2016
115,1,defaultGroupID,Desert Study,-1,1,0,1000,4948,12:5:38,12:5:44,0,,4/8/2016
116,1,defaultGroupID,Desert Study,-1,1,0,1000,4479,12:5:44,12:5:50,0,,4/8/2016
117,1,defaultGroupID,Desert Study,-1,1,0,1000,4447,12:5:50,12:5:55,0,,4/8/2016
118,1,defaultGroupID,Desert Study,-1,1,0,1000,3427,12:5:55,12:6:0,0,,4/8/2016
119,1,defaultGroupID,Desert Study,-1,1,0,1000,3771,12:6:0,12:6:4,0,,4/8/2016
120,1,defaultGroupID,Desert Study,-1,1,0,1000,3958,12:6:4,12:6:9,0,,4/8/2016
121,1,defaultGroupID,Desert Study,-1,1,0,1000,4400,12:6:9,12:6:15,0,,4/8/2016
122,1,defaultGroupID,Desert Study,-1,1,0,1000,4248,12:6:15,12:6:20,0,,4/8/2016
123,1,defaultGroupID,Desert Study,-1,1,0,1000,3957,12:6:20,12:6:25,0,,4/8/2016
124,1,defaultGroupID,Desert Study,-1,1,0,1000,4815,12:6:25,12:6:31,0,,4/8/2016
125,1,defaultGroupID,Desert Study,-1,1,0,1000,4422,12:6:31,12:6:36,0,,4/8/2016
126,1,defaultGroupID,Desert Study,287,0,1,1000,4107,12:6:36,12:6:41,0,,4/8/2016
127,1,defaultGroupID,Desert Study,-1,1,0,1000,3811,12:6:41,12:6:45,0,,4/8/2016
128,1,defaultGroupID,Desert Study,-1,1,0,1000,4678,12:6:45,12:6:51,0,,4/8/2016
129,1,defaultGroupID,Desert Study,409,0,1,1000,3517,12:6:51,12:6:55,0,,4/8/2016
130,1,defaultGroupID,Desert Study,-1,1,0,1000,3057,12:6:55,12:6:59,0,,4/8/2016
131,1,defaultGroupID,Desert Study,-1,1,0,1000,3095,12:6:59,12:7:3,0,,4/8/2016
132,1,defaultGroupID,Desert Study,-1,1,0,1000,3431,12:7:3,12:7:8,0,,4/8/2016
133,1,defaultGroupID,Desert Study,-1,1,0,1000,4420,12:7:8,12:7:13,0,,4/8/2016
134,1,defaultGroupID,Desert Study,-1,1,0,1000,3417,12:7:13,12:7:17,0,,4/8/2016
135,1,defaultGroupID,Desert Study,276,0,1,1000,3111,12:7:17,12:7:22,0,,4/8/2016
136,1,defaultGroupID,Desert Study,-1,1,0,1000,4252,12:7:22,12:7:27,0,,4/8/2016
137,1,defaultGroupID,Desert Study,-1,1,0,1000,4270,12:7:27,12:7:32,0,,4/8/2016
138,1,defaultGroupID,Desert Study,-1,1,0,1000,3685,12:7:32,12:7:37,0,,4/8/2016
139,1,defaultGroupID,Desert Study,-1,1,0,1000,4443,12:7:37,12:7:42,0,,4/8/2016
140,1,defaultGroupID,Desert Study,-1,1,0,1000,3610,12:7:42,12:7:47,0,,4/8/2016
141,1,defaultGroupID,Desert Study,-1,1,0,1000,4837,12:7:47,12:7:53,0,,4/8/2016
142,1,defaultGroupID,Desert Study,-1,1,0,1000,3355,12:7:53,12:7:57,0,,4/8/2016
143,1,defaultGroupID,Desert Study,-1,1,0,1000,4406,12:7:57,12:8:2,0,,4/8/2016
144,1,defaultGroupID,Desert Study,-1,1,0,1000,3019,12:8:2,12:8:6,0,,4/8/2016
145,1,defaultGroupID,Desert Study,-1,1,0,1000,3635,12:8:6,12:8:11,0,,4/8/2016
146,1,defaultGroupID,Desert Study,226,0,1,1000,3383,12:8:11,12:8:15,0,,4/8/2016
147,1,defaultGroupID,Desert Study,358,0,1,1000,3340,12:8:15,12:8:19,0,,4/8/2016
148,1,defaultGroupID,Desert Study,-1,1,0,1000,4335,12:8:19,12:8:24,0,,4/8/2016
149,1,defaultGroupID,Desert Study,-1,1,0,1000,3938,12:8:24,12:8:29,0,,4/8/2016
150,1,defaultGroupID,Desert Study,-1,1,0,1000,3917,12:8:29,12:8:34,0,,4/8/2016
151,1,defaultGroupID,Desert Study,289,0,1,1000,4415,12:8:34,12:8:39,0,,4/8/2016
152,1,defaultGroupID,Desert Study,260,0,1,1000,4499,12:8:39,12:8:44,0,,4/8/2016
153,1,defaultGroupID,Desert Study,-1,1,0,1000,4235,12:8:44,12:8:49,0,,4/8/2016
154,1,defaultGroupID,Desert Study,-1,1,0,1000,3948,12:8:49,12:8:54,0,,4/8/2016
155,1,defaultGroupID,Desert Study,-1,1,0,1000,3900,12:8:54,12:8:59,0,,4/8/2016
156,1,defaultGroupID,Desert Study,-1,1,0,1000,3336,12:8:59,12:9:3,0,,4/8/2016
157,1,defaultGroupID,Desert Study,-1,1,0,1000,4126,12:9:3,12:9:8,0,,4/8/2016
158,1,defaultGroupID,Desert Study,-1,1,0,1000,3156,12:9:8,12:9:12,0,,4/8/2016
159,1,defaultGroupID,Desert Study,-1,1,0,1000,4708,12:9:12,12:9:18,0,,4/8/2016
160,1,defaultGroupID,Desert Study,-1,1,0,1000,4113,12:9:18,12:9:23,0,,4/8/2016
161,1,defaultGroupID,Desert Study,-1,1,0,1000,3021,12:9:23,12:9:27,0,,4/8/2016
162,1,defaultGroupID,Desert Study,-1,1,0,1000,3721,12:9:27,12:9:32,0,,4/8/2016
163,1,defaultGroupID,Desert Study,-1,1,0,1000,3302,12:9:32,12:9:36,0,,4/8/2016
164,1,defaultGroupID,Desert Study,-1,1,0,1000,3027,12:9:36,12:9:40,0,,4/8/2016
165,1,defaultGroupID,Desert Study,326,0,1,1000,4646,12:9:40,12:9:45,0,,4/8/2016
166,1,defaultGroupID,Desert Study,-1,1,0,1000,3497,12:9:45,12:9:50,0,,4/8/2016
167,1,defaultGroupID,Desert Study,-1,1,0,1000,3452,12:9:50,12:9:54,0,,4/8/2016
168,1,defaultGroupID,Desert Study,-1,1,0,1000,3099,12:9:54,12:9:58,0,,4/8/2016
169,1,defaultGroupID,Desert Study,312,0,1,1000,4169,12:9:58,12:10:3,0,,4/8/2016
170,1,defaultGroupID,Desert Study,-1,1,0,1000,4194,12:10:3,12:10:8,0,,4/8/2016
171,1,defaultGroupID,Desert Study,289,0,1,1000,4708,12:10:8,12:10:13,0,,4/8/2016
172,1,defaultGroupID,Desert Study,-1,1,0,1000,4208,12:10:13,12:10:18,0,,4/8/2016
173,1,defaultGroupID,Desert Study,-1,1,0,1000,4541,12:10:18,12:10:24,0,,4/8/2016
174,1,defaultGroupID,Desert Study,245,0,1,1000,4490,12:10:24,12:10:28,0,,4/8/2016
175,1,defaultGroupID,Desert Study,-1,1,0,1000,4204,12:10:28,12:10:34,0,,4/8/2016
176,1,defaultGroupID,Desert Study,-1,1,0,1000,3219,12:10:34,12:10:38,0,,4/8/2016
177,1,defaultGroupID,Desert Study,-1,1,0,1000,4149,12:10:38,12:10:43,0,,4/8/2016
178,1,defaultGroupID,Desert Study,-1,1,0,1000,3244,12:10:43,12:10:47,0,,4/8/2016
179,1,defaultGroupID,Desert Study,-1,1,0,1000,3333,12:10:47,12:10:52,0,,4/8/2016
180,1,defaultGroupID,Desert Study,-1,1,0,1000,4122,12:10:52,12:10:57,0,,4/8/2016
181,1,defaultGroupID,Desert Study,-1,1,0,1000,3099,12:10:57,12:11:1,0,,4/8/2016
182,1,defaultGroupID,Desert Study,-1,1,0,1000,4336,12:11:1,12:11:6,0,,4/8/2016
183,1,defaultGroupID,Desert Study,-1,1,0,1000,4894,12:11:6,12:11:12,0,,4/8/2016
184,1,defaultGroupID,Desert Study,-1,1,0,1000,4251,12:11:12,12:11:17,0,,4/8/2016
185,1,defaultGroupID,Desert Study,-1,1,0,1000,3928,12:11:17,12:11:22,0,,4/8/2016
186,1,defaultGroupID,Desert Study,-1,1,0,1000,3188,12:11:22,12:11:26,0,,4/8/2016
187,1,defaultGroupID,Desert Study,-1,1,0,1000,4253,12:11:26,12:11:32,0,,4/8/2016
188,1,defaultGroupID,Desert Study,-1,1,0,1000,4790,12:11:32,12:11:37,0,,4/8/2016
189,1,defaultGroupID,Desert Study,-1,1,0,1000,3282,12:11:37,12:11:42,0,,4/8/2016
190,1,defaultGroupID,Desert Study,-1,1,0,1000,3575,12:11:42,12:11:46,0,,4/8/2016
191,1,defaultGroupID,Desert Study,-1,1,0,1000,3673,12:11:46,12:11:51,0,,4/8/2016
192,1,defaultGroupID,Desert Study,-1,1,0,1000,4202,12:11:51,12:11:56,0,,4/8/2016
193,1,defaultGroupID,Desert Study,-1,1,0,1000,4602,12:11:56,12:12:2,0,,4/8/2016
194,1,defaultGroupID,Desert Study,-1,1,0,1000,4761,12:12:2,12:12:8,0,,4/8/2016
195,1,defaultGroupID,Desert Study,-1,1,0,1000,3430,12:12:8,12:12:12,0,,4/8/2016
196,1,defaultGroupID,Desert Study,-1,1,0,1000,3017,12:12:12,12:12:16,0,,4/8/2016
197,1,defaultGroupID,Desert Study,-1,1,0,1000,3729,12:12:16,12:12:21,0,,4/8/2016
198,1,defaultGroupID,Desert Study,-1,1,0,1000,4523,12:12:21,12:12:26,0,,4/8/2016
199,1,defaultGroupID,Desert Study,-1,1,0,1000,4182,12:12:26,12:12:31,0,,4/8/2016
200,1,defaultGroupID,Desert Study,-1,1,0,1000,4012,12:12:31,12:12:36,0,,4/8/2016
201,1,defaultGroupID,Desert Study,-1,1,0,1000,3299,12:12:36,12:12:41,0,,4/8/2016
202,1,defaultGroupID,Desert Study,-1,1,0,1000,3334,12:12:41,12:12:45,0,,4/8/2016
203,1,defaultGroupID,Desert Study,-1,1,0,1000,4145,12:12:45,12:12:50,0,,4/8/2016
204,1,defaultGroupID,Desert Study,-1,1,0,1000,4629,12:12:50,12:12:56,0,,4/8/2016
205,1,defaultGroupID,Desert Study,361,0,1,1000,3462,12:12:56,12:13:0,0,,4/8/2016
206,1,defaultGroupID,Desert Study,-1,1,0,1000,3554,12:13:0,12:13:4,0,,4/8/2016
207,1,defaultGroupID,Desert Study,-1,1,0,1000,3911,12:13:4,12:13:9,0,,4/8/2016
208,1,defaultGroupID,Desert Study,-1,1,0,1000,4048,12:13:9,12:13:14,0,,4/8/2016
209,1,defaultGroupID,Desert Study,-1,1,0,1000,4309,12:13:14,12:13:19,0,,4/8/2016
210,1,defaultGroupID,Desert Study,-1,1,0,1000,4215,12:13:19,12:13:25,0,,4/8/2016
211,1,defaultGroupID,Desert Study,-1,1,0,1000,4097,12:13:25,12:13:30,0,,4/8/2016
212,1,defaultGroupID,Desert Study,-1,1,0,1000,4965,12:13:30,12:13:36,0,,4/8/2016
213,1,defaultGroupID,Desert Study,-1,1,0,1000,4620,12:13:36,12:13:41,0,,4/8/2016
214,1,defaultGroupID,Desert Study,-1,1,0,1000,3683,12:13:41,12:13:46,0,,4/8/2016
215,1,defaultGroupID,Desert Study,-1,1,0,1000,4021,12:13:46,12:13:51,0,,4/8/2016
216,1,defaultGroupID,Desert Study,336,0,1,1000,3045,12:13:51,12:13:54,0,,4/8/2016
217,1,defaultGroupID,Desert Study,-1,1,0,1000,3497,12:13:54,12:13:59,0,,4/8/2016
218,1,defaultGroupID,Desert Study,-1,1,0,1000,4817,12:13:59,12:14:5,0,,4/8/2016
219,1,defaultGroupID,Desert Study,-1,1,0,1000,3471,12:14:5,12:14:9,0,,4/8/2016
220,1,defaultGroupID,Desert Study,364,0,1,1000,4827,12:14:9,12:14:14,0,,4/8/2016
221,1,defaultGroupID,Desert Study,-1,1,0,1000,4638,12:14:14,12:14:20,0,,4/8/2016
222,1,defaultGroupID,Desert Study,-1,1,0,1000,3100,12:14:20,12:14:24,0,,4/8/2016
223,1,defaultGroupID,Desert Study,-1,1,0,1000,3336,12:14:24,12:14:29,0,,4/8/2016
224,1,defaultGroupID,Desert Study,-1,1,0,1000,3158,12:14:29,12:14:33,0,,4/8/2016
225,1,defaultGroupID,Desert Study,-1,1,0,1000,3427,12:14:33,12:14:37,0,,4/8/2016
226,1,defaultGroupID,Desert Study,-1,1,0,1000,3685,12:14:37,12:14:42,0,,4/8/2016
227,1,defaultGroupID,Desert Study,557,0,1,1000,4524,12:14:42,12:14:47,0,,4/8/2016
228,1,defaultGroupID,Desert Study,-1,1,0,1000,3046,12:14:47,12:14:51,0,,4/8/2016
