{"chunk_definitions":[{"chunk_id":"csetup_chunk","chunk_label":"setup","document_id":"ED6975B4","expansion_state":0,"options":{"engine":"r","include":false,"label":"setup"},"row":30,"row_count":1,"visible":true},{"chunk_id":"cnohcbwenxunw","chunk_label":"Accuracy Plot 2","document_id":"ED6975B4","expansion_state":0,"options":{"engine":"r","fig.cap":"figcap2","label":"Accuracy Plot 2"},"row":122,"row_count":1,"visible":true}],"default_chunk_options":{"error":false,"fig.align":"center","message":false,"results":"hide","warning":false},"doc_write_time":1490304388,"working_dir":null}